researcher_id,file_name,file_format,source_bucket,materialized_path,download_url,is_daca_relevant,effect_estimate,effect_score,effect_method,effect_excerpt,sample_size,sample_score,sample_method,sample_excerpt,error
208,208.pdf,pdf,round1_explanation,/Submitted Replications/00_Round_1_Explanations/208.pdf,https://osf.io/download/677a39dc47490eb0fef19f4f/,True,0.027000000000000003,100.0,preferred_narrative_pp,"ividuals above the threshold are not eligible for DACA, the local randomization results suggest that DACA eligibility increased the probability of full-time employment by 2.7 percentage points with a 95% confidence interval of [1.3, 4.1]. Importantly, this confidence inte",,,,,
579,579.pdf,pdf,round1_explanation,/Submitted Replications/00_Round_1_Explanations/579.pdf,https://osf.io/download/677a3b5469676dfbcbf19e0c/,True,,,,,,,,,
432,432.pdf,pdf,round1_explanation,/Submitted Replications/00_Round_1_Explanations/432.pdf,https://osf.io/download/677a3ab2a620b9367a698764/,True,0.013000000000000001,100.0,preferred_narrative_pp,nd state-level time- trends. Standard errors were clustered at the state level. I found that the causal impact of eligibility for DACA increased an eligible person's probability of working full-time by 1.3 percentage points. Model 1 Model 2 (se) (se) DACA_elgibile -0.009 -0.009 -0.01 -0.01 did 0.014* 0,338042.0,85.0,sample_of_individuals,"(that is, those who were 36 in 2016 could have been age-eligible in June 2012). Between 2007-2016, I found a sample of 338.042 individuals fitting the inclusion/exclusion criteria. Of those, I found approximately 11% (",
515,515.pdf,pdf,round1_explanation,/Submitted Replications/00_Round_1_Explanations/515.pdf,https://osf.io/download/677a3af05d543f61c61169a9/,True,0.022000000000000002,100.0,preferred_narrative_pp,employment among the sample of Mexican-Hispanic individuals born in Mexico. The estimated impact in Column 3 shows that DACA Eligibility raised the likelihood of full-time employment by 2.2 percentage points among Mexican-Hispanic individuals born in Mexico. 1 Table 1: Impact of DACA El,,,,,
030,030.pdf,pdf,round1_explanation,/Submitted Replications/00_Round_1_Explanations/030.pdf,https://osf.io/download/677a38bcd563571231e6df35/,True,0.019,70.0,generic_narrative_pp,le of individuals ages 25-35 in 2008-2016 and implies that eligibility for DACA increased employment by 1.9 percentage points. Years 2006 - 2016 2008-2016 Ages 16-35 25-35 16-35 25-35 Eligible x post 0.017,,,,,
737,737.docx,docx,round1_explanation,/Submitted Replications/00_Round_1_Explanations/737.docx,https://osf.io/download/677a3bdd69676dfbcbf19e2a/,True,,,,,,,,,
308,308.pdf,pdf,round1_explanation,/Submitted Replications/00_Round_1_Explanations/308.pdf,https://osf.io/download/677a3a4866f18acfbd8293ca/,True,,,,,8634190.0,100.0,observations_label,"Number of Observations: 8,634,190",
923,923.docx,docx,round1_explanation,/Submitted Replications/00_Round_1_Explanations/923.docx,https://osf.io/download/677a3cf0e8ee0be24e6987c4/,True,,,,,,,,,
239,239.pdf,pdf,round1_explanation,/Submitted Replications/00_Round_1_Explanations/239.pdf,https://osf.io/download/677a3a0a5d543f61c6116943/,True,,,,,,,,,
405,405.pdf,pdf,round1_explanation,/Submitted Replications/00_Round_1_Explanations/405.pdf,https://osf.io/download/677a3aa432f91c3eebf19baa/,True,0.02,100.0,preferred_narrative_pp,"My preferred estimates suggest that the implementation of DACA increased the likelihood of a DACA-eligible individual working full time, measured as 35+ hours in the past week, by 2 percentage points (or a roughly 4% increase over a mean of 48% working). Results are statisticall",435544.0,95.0,n_label,N                  435544          236805,
107,107.pdf,pdf,round1_explanation,/Submitted Replications/00_Round_1_Explanations/107.pdf,https://osf.io/download/677a39435d543f61c61168c8/,True,,,,,,,,,
333,333.docx,docx,round1_explanation,/Submitted Replications/00_Round_1_Explanations/333.docx,https://osf.io/download/677a3a6ffad816296c828fd6/,True,,,,,,,,,
193,193.pdf,pdf,round1_explanation,/Submitted Replications/00_Round_1_Explanations/193.pdf,https://osf.io/download/677a39c5e8ee0be24e6986e5/,True,,,,,,,,,
106,106.pdf,pdf,round1_explanation,/Submitted Replications/00_Round_1_Explanations/106.pdf,https://osf.io/download/677a393c66f18acfbd82932e/,True,,,,,,,,,
279,279.pdf,pdf,round1_explanation,/Submitted Replications/00_Round_1_Explanations/279.pdf,https://osf.io/download/677a3a2947490eb0fef19f61/,True,,,,,470637.0,95.0,n_label,N                             470637        470637        470637        470637,
204,204.docx,docx,round1_explanation,/Submitted Replications/00_Round_1_Explanations/204.docx,https://osf.io/download/677a39d4c876a5a5b6698019/,True,,,,,,,,,
152,152.pdf,pdf,round1_explanation,/Submitted Replications/00_Round_1_Explanations/152.pdf,https://osf.io/download/677a399669676dfbcbf19d9d/,True,,,,,,,,,
131,131.pdf,pdf,round1_explanation,/Submitted Replications/00_Round_1_Explanations/131.pdf,https://osf.io/download/677a396b5d543f61c61168e1/,True,0.012,70.0,generic_narrative_pp,"effect on the probability of DACA-eligible individuals working full-time: DACA increased the likelihood that an eligible individual would work full-time by 1.2 percentage points (Column 1, preferred specification). This result is statistically significant a",,,,,
708,708.pdf,pdf,round1_explanation,/Submitted Replications/00_Round_1_Explanations/708.pdf,https://osf.io/download/677a3bbec876a5a5b6698107/,True,,,,,,,,,
405,405.pdf,pdf,round1_explanation,/Submitted Replications/00_Round_1_Explanations/405.pdf,https://osf.io/download/677a3aa432f91c3eebf19baa/,True,0.02,100.0,preferred_narrative_pp,"My preferred estimates suggest that the implementation of DACA increased the likelihood of a DACA-eligible individual working full time, measured as 35+ hours in the past week, by 2 percentage points (or a roughly 4% increase over a mean of 48% working). Results are statisticall",435544.0,95.0,n_label,N                  435544          236805,
625,625.pdf,pdf,round1_explanation,/Submitted Replications/00_Round_1_Explanations/625.pdf,https://osf.io/download/677a3b91c876a5a5b66980f8/,True,,,,,,,,,
98264,98264.pdf,pdf,round1_explanation,/Submitted Replications/00_Round_1_Explanations/98264.pdf,https://osf.io/download/677a3d15d563571231e6e182/,True,,,,,188802.0,85.0,sample_of_individuals,"ude 1,072 individuals for which the reported year of immigration is smaller than their year of birth, leaving me with a sample of 188,802 observations used in the analysis summarized below. Methodology DACA eligibility. To qualify",
532,532.docx,docx,round1_explanation,/Submitted Replications/00_Round_1_Explanations/532.docx,https://osf.io/download/677a3b00a620b9367a69876e/,True,,,,,,,,,
888,888.pdf,pdf,round1_explanation,/Submitted Replications/00_Round_1_Explanations/888.pdf,https://osf.io/download/677a3cc2548a677015117207/,True,,,,,,,,,
178,178.pdf,pdf,round1_explanation,/Submitted Replications/00_Round_1_Explanations/178.pdf,https://osf.io/download/677a39bc7be7817770f1952c/,True,0.11,70.0,generic_narrative_pp,"losely ineligible') before (2006-2012) and after the policy (2013- 2016).1 DACA increased the probability of being full-time employed by 11 percentage points, which is an increase of 17 percent as compared to 64 percent full-time employm",,,,,
169,169.pdf,pdf,round1_explanation,/Submitted Replications/00_Round_1_Explanations/169.pdf,https://osf.io/download/677a39acd563571231e6dfcb/,True,0.0174,70.0,generic_narrative_pp,"ion. Our preferred specification is column (5). The estimate suggests that DACA increased employment by 1.74 percentage points, which translates to a 1.9% increase relative to the dependent variable mean (0",,,,,
856,856.pdf,pdf,round1_explanation,/Submitted Replications/00_Round_1_Explanations/856.pdf,https://osf.io/download/677a3c957be7817770f196b9/,True,,,,,,,,,
821,821.docx,docx,round1_explanation,/Submitted Replications/00_Round_1_Explanations/821.docx,https://osf.io/download/677a3c687be7817770f196ae/,True,,,,,,,,,
145,145.pdf,pdf,round1_explanation,/Submitted Replications/00_Round_1_Explanations/145.pdf,https://osf.io/download/677a398fd563571231e6dfc7/,True,0.0359,95.0,att_narrative,"tation (mid-2012). I find an aggregate average treatment effect on the treated (ATT) of 3.59 percentage points [95% confidence interval 2.14-5.05], where standard errors are clustered at the",,,,,
405,405.pdf,pdf,round1_explanation,/Submitted Replications/00_Round_1_Explanations/405.pdf,https://osf.io/download/677a3aa432f91c3eebf19baa/,True,0.02,100.0,preferred_narrative_pp,"My preferred estimates suggest that the implementation of DACA increased the likelihood of a DACA-eligible individual working full time, measured as 35+ hours in the past week, by 2 percentage points (or a roughly 4% increase over a mean of 48% working). Results are statisticall",435544.0,95.0,n_label,N                  435544          236805,
548,548.pdf,pdf,round1_explanation,/Submitted Replications/00_Round_1_Explanations/548.pdf,https://osf.io/download/677a3b1d3ac9770445829438/,True,0.040999999999999995,70.0,generic_narrative_pp,who should not be directly affected by DACA. Table 1 reports evidence that DACA increased the probability an individual in the potentially DACA- eligible non-citizen population was employed full-time by 4.1 percentage points (S.E. 0.9pp). Figure 1 shows these results graphically and demonstrates that in,,,,,
79432,79432.docx,docx,round1_explanation,/Submitted Replications/00_Round_1_Explanations/79432.docx,https://osf.io/download/677a3c33c876a5a5b669813c/,True,0.012,70.0,generic_narrative_pp,tes than does Model 2. Those preferred estimates indicate that the DACA program increased the probability of being employed full-time by 1.2 percentage points (significant at the 5% confidence level). This estimate captures an Intent-to-T,,,,,
702,702.pdf,pdf,round1_explanation,/Submitted Replications/00_Round_1_Explanations/702.pdf,https://osf.io/download/677a3bb75d543f61c6116a09/,True,,,,,,,,,
224,224.pdf,pdf,round1_explanation,/Submitted Replications/00_Round_1_Explanations/224.pdf,https://osf.io/download/677a3a0269676dfbcbf19dc2/,True,0.013999999999999999,70.0,generic_narrative_pp,"Mexican ethnicity. DACA also had smaller effects on labor market outcomes. DACA increased the likelihood that an individual was in the labor force by 1.4 percentage points, and similarly increased the likelihood that they were working full time (defin",,,,,
136,136.docx,docx,round1_explanation,/Submitted Replications/00_Round_1_Explanations/136.docx,https://osf.io/download/677a39795d543f61c61168ed/,True,,,,,,,,,
718,718.pdf,pdf,round1_explanation,/Submitted Replications/00_Round_1_Explanations/718.pdf,https://osf.io/download/677a3bc6548a6770151171c8/,True,,,,,47756.0,100.0,observations_label,"Observations 47,756 47,756 47,756 47,756",
070,070.docx,docx,round1_explanation,/Submitted Replications/00_Round_1_Explanations/070.docx,https://osf.io/download/677a38f83ac97704458293f1/,True,,,,,,,,,
872,872.pdf,pdf,round1_explanation,/Submitted Replications/00_Round_1_Explanations/872.pdf,https://osf.io/download/677a3cabd563571231e6e13f/,True,,,,,,,,,
212,212.pdf,pdf,round1_explanation,/Submitted Replications/00_Round_1_Explanations/212.pdf,https://osf.io/download/677a39f247e9399c39829830/,True,,,,,,,,,
405,405.pdf,pdf,round1_explanation,/Submitted Replications/00_Round_1_Explanations/405.pdf,https://osf.io/download/677a3aa432f91c3eebf19baa/,True,0.02,100.0,preferred_narrative_pp,"My preferred estimates suggest that the implementation of DACA increased the likelihood of a DACA-eligible individual working full time, measured as 35+ hours in the past week, by 2 percentage points (or a roughly 4% increase over a mean of 48% working). Results are statisticall",435544.0,95.0,n_label,N                  435544          236805,
961,961.pdf,pdf,round1_explanation,/Submitted Replications/00_Round_1_Explanations/961.pdf,https://osf.io/download/677a3d0e26f633f844828b0b/,True,0.0422,95.0,att_narrative,"nal effect has to be calculated. It is presented in the Table 2. The calculated ATT over the period 2013-2016 is 0.0422, indicating that the absolute probability for the eligible persons to work full",214530.0,95.0,total_n,"the binary nature of the outcome variable). Data from 2006 until 2016 was used, with a total N of 214530. The model ""Treatment"" contains the regular treatment effect, ""Dynamic"" is a co",
293,293.pdf,pdf,round1_explanation,/Submitted Replications/00_Round_1_Explanations/293.pdf,https://osf.io/download/677a3a38d563571231e6e02c/,True,,,,,,,,,
728,728.pdf,pdf,round1_explanation,/Submitted Replications/00_Round_1_Explanations/728.pdf,https://osf.io/download/677a3bcd7be7817770f19673/,True,,,,,,,,,
813,813.pdf,pdf,round1_explanation,/Submitted Replications/00_Round_1_Explanations/813.pdf,https://osf.io/download/677a3c52e8ee0be24e6987a1/,True,,,,,,,,,
497,497.docx,docx,round1_explanation,/Submitted Replications/00_Round_1_Explanations/497.docx,https://osf.io/download/677a3ade20777f7a65e6dcfc/,True,,,,,,,,,
559,559.docx,docx,round1_explanation,/Submitted Replications/00_Round_1_Explanations/559.docx,https://osf.io/download/677a3b2e7109ffd828116d86/,True,,,,,,,,,
784,784.pdf,pdf,round1_explanation,/Submitted Replications/00_Round_1_Explanations/784.pdf,https://osf.io/download/677a3c1dbd99debbb8116ac9/,True,,,,,,,,,
020,020.docx,docx,round1_explanation,/Submitted Replications/00_Round_1_Explanations/020.docx,https://osf.io/download/677a38ad69676dfbcbf19d63/,True,,,,,,,,,
015,015.pdf,pdf,round1_explanation,/Submitted Replications/00_Round_1_Explanations/015.pdf,https://osf.io/download/af4b6/,True,,,,,,,,,
405,405.pdf,pdf,round1_explanation,/Submitted Replications/00_Round_1_Explanations/405.pdf,https://osf.io/download/677a3aa432f91c3eebf19baa/,True,0.02,100.0,preferred_narrative_pp,"My preferred estimates suggest that the implementation of DACA increased the likelihood of a DACA-eligible individual working full time, measured as 35+ hours in the past week, by 2 percentage points (or a roughly 4% increase over a mean of 48% working). Results are statisticall",435544.0,95.0,n_label,N                  435544          236805,
450,450.pdf,pdf,round1_explanation,/Submitted Replications/00_Round_1_Explanations/450.pdf,https://osf.io/download/677a3ac9548a67701511717e/,True,0.06,70.0,generic_narrative_pp,"2008-2016. The results are reported in Table 1, which indicates DACA enactment increased full employment of eligible individuals by 6 percentage points (column 1) or 11 percent relative to the control group mean, which is robust to",,,,,
158,158.pdf,pdf,round1_explanation,/Submitted Replications/00_Round_1_Explanations/158.pdf,https://osf.io/download/677a399d47490eb0fef19f43/,True,0.027999999999999997,70.0,generic_narrative_pp,"Hispanics in the US, the Deferred Action for Childhood Arrivals (DACA) program increased the probability of working full-time by 2.8 percentage points. I generate DACA-eligible individuals for each year in the dataset (2006-2016)",,,,,
861,861.docx,docx,round1_explanation,/Submitted Replications/00_Round_1_Explanations/861.docx,https://osf.io/download/677a3c9c47490eb0fef1a024/,True,,,,,,,,,
061,061.pdf,pdf,round1_explanation,/Submitted Replications/00_Round_1_Explanations/061.pdf,https://osf.io/download/677a38e1e8ee0be24e6986a3/,True,,,,,,,,,
417,417.pdf,pdf,round1_explanation,/Submitted Replications/00_Round_1_Explanations/417.pdf,https://osf.io/download/677a3aab47e9399c39829875/,True,,,,,,,,,
209,209.pdf,pdf,round1_explanation,/Submitted Replications/00_Round_1_Explanations/209.pdf,https://osf.io/download/677a39e319f309c7696984bf/,True,,,,,,,,,
619,619.docx,docx,round1_explanation,/Submitted Replications/00_Round_1_Explanations/619.docx,https://osf.io/download/677a3b89fad816296c829008/,False,,,,,,,,,
509,509.pdf,pdf,round1_explanation,/Submitted Replications/00_Round_1_Explanations/509.pdf,https://osf.io/download/677a3ae75d543f61c61169a5/,True,,,,,,,,,
995,995.docx,docx,round1_explanation,/Submitted Replications/00_Round_1_Explanations/995.docx,https://osf.io/download/677a3d1cc876a5a5b66981af/,True,,,,,,,,,
405,405.pdf,pdf,round1_explanation,/Submitted Replications/00_Round_1_Explanations/405.pdf,https://osf.io/download/677a3aa432f91c3eebf19baa/,True,0.02,100.0,preferred_narrative_pp,"My preferred estimates suggest that the implementation of DACA increased the likelihood of a DACA-eligible individual working full time, measured as 35+ hours in the past week, by 2 percentage points (or a roughly 4% increase over a mean of 48% working). Results are statisticall",435544.0,95.0,n_label,N                  435544          236805,
795,795.docx,docx,round1_explanation,/Submitted Replications/00_Round_1_Explanations/795.docx,https://osf.io/download/677a3c3be8ee0be24e698790/,True,,,,,,,,,
349,349.pdf,pdf,round1_explanation,/Submitted Replications/00_Round_1_Explanations/349.pdf,https://osf.io/download/677a3a7fe8ee0be24e698728/,True,0.05,70.0,generic_narrative_pp,"ends, the estimated coefﬁcient indicates that eligibility for DACA signiﬁcantly increased the probability of full-time employment in 2013-2016 by 5 percentage points (95% conﬁdence interval: +3.7, +6.2 p.p.). 1",,,,,
539,539.pdf,pdf,round1_explanation,/Submitted Replications/00_Round_1_Explanations/539.pdf,https://osf.io/download/677a3b0e47490eb0fef19fd7/,True,,,,,,,,,
546,546.html,html,round1_explanation,/Submitted Replications/00_Round_1_Explanations/546.html,https://osf.io/download/677a3b157109ffd828116d7f/,True,0.054,75.0,interaction_line,not_citizen_in_2012 x young_enough x after2012  0.0540 (0.0782),13036.0,100.0,observations_label,"Observations                                             13,036",
040,040.pdf,pdf,round1_explanation,/Submitted Replications/00_Round_1_Explanations/040.pdf,https://osf.io/download/677a38c37be7817770f194b8/,True,,,,,,,,,
537,537.pdf,pdf,round1_explanation,/Submitted Replications/00_Round_1_Explanations/537.pdf,https://osf.io/download/677a3b07c876a5a5b66980be/,True,,,,,,,,,
775,775.pdf,pdf,round1_explanation,/Submitted Replications/00_Round_1_Explanations/775.pdf,https://osf.io/download/677a3c0ca620b9367a6987a1/,True,,,,,,,,,
092,092.pdf,pdf,round1_explanation,/Submitted Replications/00_Round_1_Explanations/092.pdf,https://osf.io/download/677a39267be7817770f194cb/,True,,,,,,,,,
609,609.docx,docx,round1_explanation,/Submitted Replications/00_Round_1_Explanations/609.docx,https://osf.io/download/677a3b7a59d72c23f1e6df40/,True,,,,,,,,,
405,405.pdf,pdf,round1_explanation,/Submitted Replications/00_Round_1_Explanations/405.pdf,https://osf.io/download/677a3aa432f91c3eebf19baa/,True,0.02,100.0,preferred_narrative_pp,"My preferred estimates suggest that the implementation of DACA increased the likelihood of a DACA-eligible individual working full time, measured as 35+ hours in the past week, by 2 percentage points (or a roughly 4% increase over a mean of 48% working). Results are statisticall",435544.0,95.0,n_label,N                  435544          236805,
144,144.pdf,pdf,round1_explanation,/Submitted Replications/00_Round_1_Explanations/144.pdf,https://osf.io/download/677a3988548a677015117110/,True,,,,,,,,,
834,834.html,html,round1_explanation,/Submitted Replications/00_Round_1_Explanations/834.html,https://osf.io/download/677a3c8666f18acfbd8294c2/,True,,,,,3602018.0,95.0,n_label,N                 3602018         1621805          122153          224699           70796         2924560         1550040,
582,582.pdf,pdf,round1_explanation,/Submitted Replications/00_Round_1_Explanations/582.pdf,https://osf.io/download/677a3b5cd563571231e6e0be/,True,,,,,132637.0,95.0,n_label,"n = 132,637",
881,881.pdf,pdf,round1_explanation,/Submitted Replications/00_Round_1_Explanations/881.pdf,https://osf.io/download/677a3cb27be7817770f196bb/,True,,,,,,,,,
562,562.pdf,pdf,round1_explanation,/Submitted Replications/00_Round_1_Explanations/562.pdf,https://osf.io/download/677a3b35548a6770151171a5/,True,,,,,,,,,
732,732.html,html,round1_explanation,/Submitted Replications/00_Round_1_Explanations/732.html,https://osf.io/download/677a3bd5c876a5a5b6698114/,True,,,,,,,,,
832,832.pdf,pdf,round1_explanation,/Submitted Replications/00_Round_1_Explanations/832.pdf,https://osf.io/download/677a3c7f32f91c3eebf19c08/,True,0.054000000000000006,70.0,generic_narrative_pp,"e diﬀerence-in-diﬀerence coeﬃcient of interest is DACA x Post. DACA eligibility increased the probability of full- time employment of Hispanic-Mexican, Mexican born, non-citizens by 5.4 percentage points between 2013-2016. The control group had an employment probability of 59 percen",,,,,
91324,91324.pdf,pdf,round1_explanation,/Submitted Replications/00_Round_1_Explanations/91324.pdf,https://osf.io/download/677a3cd919f309c769698536/,True,,,,,,,,,
488,488.pdf,pdf,round1_explanation,/Submitted Replications/00_Round_1_Explanations/488.pdf,https://osf.io/download/677a3ad032f91c3eebf19bb0/,True,,,,,,,,,
81,81.pdf,pdf,round1_explanation,/Submitted Replications/00_Round_1_Explanations/81.pdf,https://osf.io/download/677a3c4b69676dfbcbf19e35/,True,,,,,,,,,
815,815.docx,docx,round1_explanation,/Submitted Replications/00_Round_1_Explanations/815.docx,https://osf.io/download/677a3c5959d72c23f1e6df64/,True,,,,,,,,,
021,021.pdf,pdf,round1_explanation,/Submitted Replications/00_Round_1_Explanations/021.pdf,https://osf.io/download/677a38b578a17db279e6e605/,True,,,,,,,,,
681,681.pdf,pdf,round1_explanation,/Submitted Replications/00_Round_1_Explanations/681.pdf,https://osf.io/download/677a3bb019f309c769698503/,True,,,,,,,,,
052,052.pdf,pdf,round1_explanation,/Submitted Replications/00_Round_1_Explanations/052.pdf,https://osf.io/download/677a38da7109ffd828116d09/,True,,,,,,,,,
761,761.pdf,pdf,round1_explanation,/Submitted Replications/00_Round_1_Explanations/761.pdf,https://osf.io/download/677a3bf57be7817770f1967d/,True,,,,,,,,,
756,756.pdf,pdf,round1_explanation,/Submitted Replications/00_Round_1_Explanations/756.pdf,https://osf.io/download/677a3becd563571231e6e106/,True,,,,,,,,,
250,250.docx,docx,round1_explanation,/Submitted Replications/00_Round_1_Explanations/250.docx,https://osf.io/download/677a3a11e8ee0be24e6986fd/,True,,,,,,,,,
446,446.pdf,pdf,round1_explanation,/Submitted Replications/00_Round_1_Explanations/446.pdf,https://osf.io/download/677a3ac25d543f61c6116997/,True,,,,,,,,,
109,109.pdf,pdf,round1_explanation,/Submitted Replications/00_Round_1_Explanations/109.pdf,https://osf.io/download/677a395432f91c3eebf19b74/,True,,,,,,,,,
929,929.docx,docx,round1_explanation,/Submitted Replications/00_Round_1_Explanations/929.docx,https://osf.io/download/677a3cf747e216891be6d804/,True,,,,,,,,,
907,907.pdf,pdf,round1_explanation,/Submitted Replications/00_Round_1_Explanations/907.pdf,https://osf.io/download/677a3cd2a620b9367a6987cb/,True,,,,,,,,,
326,326.pdf,pdf,round1_explanation,/Submitted Replications/00_Round_1_Explanations/326.pdf,https://osf.io/download/677a3a67e8ee0be24e698724/,True,,,,,,,,,
763,763.pdf,pdf,round1_explanation,/Submitted Replications/00_Round_1_Explanations/763.pdf,https://osf.io/download/677a3bfdd563571231e6e108/,True,,,,,,,,,
494,494.pdf,pdf,round1_explanation,/Submitted Replications/00_Round_1_Explanations/494.pdf,https://osf.io/download/677a3ad7c876a5a5b66980a9/,True,,,,,,,,,
048,048.pdf,pdf,round1_explanation,/Submitted Replications/00_Round_1_Explanations/048.pdf,https://osf.io/download/677a38cbd563571231e6df44/,True,,,,,,,,,
825,825.pdf,pdf,round1_explanation,/Submitted Replications/00_Round_1_Explanations/825.pdf,https://osf.io/download/677a3c77fad816296c829047/,True,,,,,,,,,
139,139.pdf,pdf,round1_explanation,/Submitted Replications/00_Round_1_Explanations/139.pdf,https://osf.io/download/677a39817be7817770f1951a/,True,,,,,,,,,
105,105.docx,docx,round1_explanation,/Submitted Replications/00_Round_1_Explanations/105.docx,https://osf.io/download/677a393447e9399c398297e5/,True,,,,,,,,,
258,258.pdf,pdf,round1_explanation,/Submitted Replications/00_Round_1_Explanations/258.pdf,https://osf.io/download/677a3a19548a67701511713e/,True,,,,,,,,,
089,089.pdf,pdf,round1_explanation,/Submitted Replications/00_Round_1_Explanations/089.pdf,https://osf.io/download/677a391f47e9399c398297de/,True,,,,,,,,,
782,782.pdf,pdf,round1_explanation,/Submitted Replications/00_Round_1_Explanations/782.pdf,https://osf.io/download/677a3c14e8ee0be24e698788/,True,,,,,,,,,
322,322.docx,docx,round1_explanation,/Submitted Replications/00_Round_1_Explanations/322.docx,https://osf.io/download/677a3a60c876a5a5b6698061/,True,0.006,70.0,generic_narrative_pp,ich is not significant at the 5% level. This point estimate indicates that DACA increased the probability of being employed by 0.6 percentage points for the eligible group of DACA after implementation compared with no DACA befor,,,,,
642,642.pdf,pdf,round1_explanation,/Submitted Replications/00_Round_1_Explanations/642.pdf,https://osf.io/download/677a3b9959d72c23f1e6df45/,True,0.2997525,75.0,interaction_line,daca_eligible     .2997525   .0161909    18.51   0.000     .2680189    .3314862,,,,,
069,069.pdf,pdf,round1_explanation,/Submitted Replications/00_Round_1_Explanations/069.pdf,https://osf.io/download/677a38f166f18acfbd829300/,True,,,,,,,,,
608,608.pdf,pdf,round1_explanation,/Submitted Replications/00_Round_1_Explanations/608.pdf,https://osf.io/download/677a3b73bd99debbb8116ab5/,True,,,,,,,,,
558,558.pdf,pdf,round1_explanation,/Submitted Replications/00_Round_1_Explanations/558.pdf,https://osf.io/download/677a3b2669676dfbcbf19e01/,True,,,,,,,,,
386,386.pdf,pdf,round1_explanation,/Submitted Replications/00_Round_1_Explanations/386.pdf,https://osf.io/download/677a3a9519f309c7696984e1/,True,,,,,,,,,
162,162.pdf,pdf,round1_explanation,/Submitted Replications/00_Round_1_Explanations/162.pdf,https://osf.io/download/677a39a4c876a5a5b6697fed/,True,,,,,,,,,
914,914.pdf,pdf,round1_explanation,/Submitted Replications/00_Round_1_Explanations/914.pdf,https://osf.io/download/677a3ce0c876a5a5b66981a0/,True,,,,,205098.0,95.0,n_label,"N = 205,098",
336,336.docx,docx,round1_explanation,/Submitted Replications/00_Round_1_Explanations/336.docx,https://osf.io/download/677a3a7747e9399c39829871/,True,,,,,,,,,
002,002.pdf,pdf,round1_explanation,/Submitted Replications/00_Round_1_Explanations/002.pdf,https://osf.io/download/fcwuy/,True,0.029500000000000002,100.0,preferred_narrative_pp,"oyment rate, labor force participation rate), and state and year fixed effects. I find that eligibility for the DACA program increased the probability of full-time employment by 2.95 percentage points among ethnically Hispanic Mexican-born people living in the U.S. This effect is",,,,,
563,563.pdf,pdf,round1_explanation,/Submitted Replications/00_Round_1_Explanations/563.pdf,https://osf.io/download/677a3b3d20777f7a65e6dd08/,True,,,,,,,,,
807,807.docx,docx,round1_explanation,/Submitted Replications/00_Round_1_Explanations/807.docx,https://osf.io/download/677a3c4247490eb0fef1a018/,True,,,,,29536580.0,85.0,sample_of_individuals,"to include only non-citizens, born in Mexico and among Hispanics only Mexicans. Sample of 29536580 individuals was extracted. Demographic factors like sex and marital status were also includ",
434,434.docx,docx,round1_explanation,/Submitted Replications/00_Round_1_Explanations/434.docx,https://osf.io/download/677a3aba7109ffd828116d67/,True,,,,,,,,,
31261,31261.docx,docx,round1_explanation,/Submitted Replications/00_Round_1_Explanations/31261.docx,https://osf.io/download/677a3a59548a67701511715b/,True,,,,,,,,,
135,135.pdf,pdf,round1_explanation,/Submitted Replications/00_Round_1_Explanations/135.pdf,https://osf.io/download/677a3972fad816296c828fa8/,True,,,,,,,,,
176,176.pdf,pdf,round1_explanation,/Submitted Replications/00_Round_1_Explanations/176.pdf,https://osf.io/download/677a39b447e9399c3982981c/,True,,,,,,,,,
363,363.pdf,pdf,round1_explanation,/Submitted Replications/00_Round_1_Explanations/363.pdf,https://osf.io/download/677a3a86c876a5a5b669806f/,True,,,,,,,,,
082,082.pdf,pdf,round1_explanation,/Submitted Replications/00_Round_1_Explanations/082.pdf,https://osf.io/download/677a39087be7817770f194c2/,True,0.027999999999999997,70.0,generic_narrative_pp,rm in Column (3) is significant at the 10 percent 1 level and implies that DACA increased the likelihood of full-time employment by 2.8 percentage points on average. Table 1. The Effect of DACA on Full-Time Employment Eligibility Cri,,,,,
871,871.pdf,pdf,round1_explanation,/Submitted Replications/00_Round_1_Explanations/871.pdf,https://osf.io/download/677a3ca332f91c3eebf19c0d/,True,0.0446,70.0,generic_narrative_pp,"y signiﬁcant results. The ﬁrst column, the preferred estimate, DACA eligibility increased the probability of working full-time by 4.46 percentage points. The preferred estimate includes State-Year ﬁxed eﬀects, controlling for both t",,,,,
211,211.html,html,round1_explanation,/Submitted Replications/00_Round_1_Explanations/211.html,https://osf.io/download/677a39eb78a17db279e6e64b/,True,,,,,,,,,
576,576.pdf,pdf,round1_explanation,/Submitted Replications/00_Round_1_Explanations/576.pdf,https://osf.io/download/677a3b4c5d543f61c61169dd/,True,0.027999999999999997,70.0,generic_narrative_pp,emented at the state level. The effects on column 1 imply that DACA eligibility increased the likelihood to be employed full time by 2.8 percentage points. This effect is statistically significant at all conventional levels. Since ful,,,,,
085,085.pdf,pdf,round1_explanation,/Submitted Replications/00_Round_1_Explanations/085.pdf,https://osf.io/download/677a391832f91c3eebf19b6b/,True,,,,,,,,,
083,083.docx,docx,round1_explanation,/Submitted Replications/00_Round_1_Explanations/083.docx,https://osf.io/download/677a391069676dfbcbf19d81/,True,,,,,,,,,
950,950.docx,docx,round1_explanation,/Submitted Replications/00_Round_1_Explanations/950.docx,https://osf.io/download/677a3d06548a677015117213/,True,,,,,,,,,
770,770.pdf,pdf,round1_explanation,/Submitted Replications/00_Round_1_Explanations/770.pdf,https://osf.io/download/677a3c04a620b9367a69879f/,True,,,,,,,,,
567,567.pdf,pdf,round1_explanation,/Submitted Replications/00_Round_1_Explanations/567.pdf,https://osf.io/download/677a3b4569676dfbcbf19e0a/,True,,,,,,,,,
108,108.pdf,pdf,round1_explanation,/Submitted Replications/00_Round_1_Explanations/108.pdf,https://osf.io/download/677a394bc876a5a5b6697fd7/,True,,,,,,,,,
295,295.pdf,pdf,round1_explanation,/Submitted Replications/00_Round_1_Explanations/295.pdf,https://osf.io/download/677a3a4019f309c7696984d7/,True,0.037000000000000005,70.0,generic_narrative_pp,relatively modest for higher values of X. This indicates that DACA eligibility raised employment rates among undocumented Mexican immigrants by 3.7ppts. Table 1: Estimates of the impact of DACA eligibility on full-time work (1) (,,,,,
194,194.html,html,round1_explanation,/Submitted Replications/00_Round_1_Explanations/194.html,https://osf.io/download/677a39cce8ee0be24e6986e9/,False,,,,,,,,,
387,387.docx,docx,round1_explanation,/Submitted Replications/00_Round_1_Explanations/387.docx,https://osf.io/download/677a3a9d59d72c23f1e6df03/,True,0.059000000000000004,70.0,generic_narrative_pp,The results show that the DACA program increased employment among Hispanic-Mexican Mexican-born people living in the US by 5.9 percentage points. This result is both economically and statistically significant (p<0.001) and h,,,,,
883,883.html,html,round1_explanation,/Submitted Replications/00_Round_1_Explanations/883.html,https://osf.io/download/677a3cbad563571231e6e14d/,True,0.22,100.0,preferred_narrative_pp,"ive impact. For eligible persons who arrived in the US around 0 to 5 years old, I find that DACA has increased the probability that they will be employed full-time by 22 percentage points for (SE 0.46) and 16 percentage points for males (SE 0.27). For eligible males",,,,,
649,649.pdf,pdf,round1_explanation,/Submitted Replications/00_Round_1_Explanations/649.pdf,https://osf.io/download/677a3ba07be7817770f19669/,True,,,,,,,,,
312,312.pdf,pdf,round1_explanation,/Submitted Replications/00_Round_1_Explanations/312.pdf,https://osf.io/download/677a3a5178a17db279e6e667/,True,0.057,70.0,generic_narrative_pp,"ontrol variables and fixed effects, i.e. Column (2). The DACA program led to an increased full-time employment for eligible individuals by 5.7 pp. (se = 0.021). Columns (1) and (2) of Table 4 include individuals who entered t",,,,,
067,067.pdf,pdf,round1_explanation,/Submitted Replications/00_Round_1_Explanations/067.pdf,https://osf.io/download/677a38e9d563571231e6df4f/,False,,,,,,,,,
289,289.docx,docx,round1_explanation,/Submitted Replications/00_Round_1_Explanations/289.docx,https://osf.io/download/677a3a3166f18acfbd8293b5/,True,,,,,,,,,
919,919.docx,docx,round1_explanation,/Submitted Replications/00_Round_1_Explanations/919.docx,https://osf.io/download/677a3ce826f633f844828aee/,True,,,,,,,,,
616,616.pdf,pdf,round1_explanation,/Submitted Replications/00_Round_1_Explanations/616.pdf,https://osf.io/download/677a3b82fad816296c829006/,True,,,,,,,,,
598,598.docx,docx,round1_explanation,/Submitted Replications/00_Round_1_Explanations/598.docx,https://osf.io/download/677a3b6b3ac9770445829458/,True,,,,,,,,,
842,842.docx,docx,round1_explanation,/Submitted Replications/00_Round_1_Explanations/842.docx,https://osf.io/download/677a3c8dc876a5a5b6698178/,True,,,,,,,,,
824,824.pdf,pdf,round1_explanation,/Submitted Replications/00_Round_1_Explanations/824.pdf,https://osf.io/download/677a3c6f47e216891be6d7aa/,True,,,,,,,,,
591,591.pdf,pdf,round1_explanation,/Submitted Replications/00_Round_1_Explanations/591.pdf,https://osf.io/download/677a3b6369676dfbcbf19e10/,True,,,,,,,,,
89490,89490.pdf,pdf,round1_explanation,/Submitted Replications/00_Round_1_Explanations/89490.pdf,https://osf.io/download/677a3cca59d72c23f1e6df6c/,True,,,,,,,,,
213,213.pdf,pdf,round1_explanation,/Submitted Replications/00_Round_1_Explanations/213.pdf,https://osf.io/download/677a39fa7109ffd828116d45/,True,,,,,,,,,
094,094.docx,docx,round1_explanation,/Submitted Replications/00_Round_1_Explanations/094.docx,https://osf.io/download/677a392dd563571231e6df7a/,True,,,,,,,,,
373,373.pdf,pdf,round1_explanation,/Submitted Replications/00_Round_1_Explanations/373.pdf,https://osf.io/download/677a3a8e7be7817770f19591/,True,0.11,70.0,generic_narrative_pp,"he undocumented immigrants, on the labour force participation. DACA program has increased the labour force participation of immigrants by 11 pp, on average. Table 2 In labour force (1) (2) (3) Treatment x Post-2012 0.101***",,,,,
007,007.pdf,pdf,round1_explanation,/Submitted Replications/00_Round_1_Explanations/007.pdf,https://osf.io/download/677a389ec876a5a5b6697f90/,True,,,,,,,,,
127,127.pdf,pdf,round1_explanation,/Submitted Replications/00_Round_1_Explanations/127.pdf,https://osf.io/download/677a3964e8ee0be24e6986ca/,True,0.06,70.0,generic_narrative_pp,"ificant at 1% (Panel B, column 2 of the table). This result indicates that DACA increased full-time employment by 6 percentage points. A placebo test using only the pre-DACA years yields a statistically insignific",,,,,
665,665.pdf,pdf,round1_explanation,/Submitted Replications/00_Round_1_Explanations/665.pdf,https://osf.io/download/677a3ba832f91c3eebf19bca/,True,,,,,,,,,
529,529.html,html,round1_explanation,/Submitted Replications/00_Round_1_Explanations/529.html,https://osf.io/download/677a3af8fad816296c828ff4/,True,,,,,,,,,
816,816.pdf,pdf,round1_explanation,/Submitted Replications/00_Round_1_Explanations/816.pdf,https://osf.io/download/677a3c617109ffd828116de8/,True,,,,,,,,,
076,076.docx,docx,round1_explanation,/Submitted Replications/00_Round_1_Explanations/076.docx,https://osf.io/download/677a390147490eb0fef19f18/,True,,,,,,,,,
274,274.pdf,pdf,round1_explanation,/Submitted Replications/00_Round_1_Explanations/274.pdf,https://osf.io/download/677a3a2247490eb0fef19f5f/,True,,,,,,,,,
115,115.docx,docx,round1_explanation,/Submitted Replications/00_Round_1_Explanations/115.docx,https://osf.io/download/677a395c20777f7a65e6dce4/,True,,,,,,,,,
872,872-Task 1-writeup.pdf,pdf,task1_submission,/Submitted Replications/872/Replication Task 1/872-Task 1-writeup.pdf,https://osf.io/download/677b7945cf7526035bf19409/,True,,,,,,,,,
681,ID 681 task1 writeup.pdf,pdf,task1_submission,/Submitted Replications/681/Replication Task 1/ID 681 task1 writeup.pdf,https://osf.io/download/677b049df5df1c1643697cfe/,True,,,,,,,,,
089,DACA-Results.pdf,pdf,task1_submission,/Submitted Replications/089/Replication Task 1/DACA-Results.pdf,https://osf.io/download/677a587c26f633f84482998b/,True,,,,,,,,,
030,Results.pdf,pdf,task1_submission,/Submitted Replications/030/Replication Task 1/Results.pdf,https://osf.io/download/677a50a47be7817770f1a68d/,True,0.019,70.0,generic_narrative_pp,le of individuals ages 25-35 in 2008-2016 and implies that eligibility for DACA increased employment by 1.9 percentage points. Years 2006 - 2016 2008-2016 Ages 16-35 25-35 16-35 25-35 Eligible x post 0.017,,,,,
178,results.pdf,pdf,task1_submission,/Submitted Replications/178/Replication Task 1/results.pdf,https://osf.io/download/677a68332f5586f5a5f19659/,True,0.11,70.0,generic_narrative_pp,"losely ineligible') before (2006-2012) and after the policy (2013- 2016).1 DACA increased the probability of being full-time employed by 11 percentage points, which is an increase of 17 percent as compared to 64 percent full-time employm",,,,,
106,Results.pdf,pdf,task1_submission,/Submitted Replications/106/Replication Task 1/Results.pdf,https://osf.io/download/677a5a81595beeb346f19f75/,True,,,,,,,,,
176,Many econ_results 6apr2023.docx,docx,task1_submission,/Submitted Replications/176/Replication Task 1/Many econ_results 6apr2023.docx,https://osf.io/download/677a678c6132fdf701f19d6b/,True,,,,,,,,,
567,dacaproject.pdf,pdf,task1_submission,/Submitted Replications/567/Replication Task 1/dacaproject.pdf,https://osf.io/download/677afa192de1d63877698d07/,True,,,,,,,,,
825,Results.docx,docx,task1_submission,/Submitted Replications/825/Replication Task 1/Results.docx,https://osf.io/download/677b6d2a591d6ee569f19747/,True,,,,,,,,,
786,Task 1 - Write-up.pdf,pdf,task1_submission,/Submitted Replications/786/Replication Task 1/Task 1 - Write-up.pdf,https://osf.io/download/677b5c94fbcf80041de6dc26/,True,,,,,,,,,
194,analysis.html,html,task1_submission,/Submitted Replications/194/Replication Task 1/analysis.html,https://osf.io/download/677a6924d1f43d112f8290d9/,False,,,,,,,,,
194,analysis.Rmd,rmd,task1_submission,/Submitted Replications/194/Replication Task 1/analysis.Rmd,https://osf.io/download/677a6933b06aaa101a11667c/,False,,,,,,,,,
625,Research_Task_No_1_Results.pdf,pdf,task1_submission,/Submitted Replications/625/Replication Task 1/Research_Task_No_1_Results.pdf,https://osf.io/download/677b0183dbee162b9df1a186/,True,,,,,,,,,
007,Task_1.pdf,pdf,task1_submission,/Submitted Replications/007/Replication Task 1/Task_1.pdf,https://osf.io/download/677a32ff19f309c769698343/,True,,,,,,,,,
107,results_task1.pdf,pdf,task1_submission,/Submitted Replications/107/Replication Task 1/results_task1.pdf,https://osf.io/download/677a5af43bb472eaf1698a2a/,True,,,,,,,,,
539,202301_results.docx,docx,task1_submission,/Submitted Replications/539/Replication Task 1/202301_results.docx,https://osf.io/download/677af1e6079cb5ffa3117250/,True,,,,,,,,,
067,readme.txt,txt,task1_submission,/Submitted Replications/067/Replication Task 1/readme.txt,https://osf.io/download/677a5312595beeb346f19c8f/,False,,,,,,,,,
067,many_economists_report_67.pdf,pdf,task1_submission,/Submitted Replications/067/Replication Task 1/many_economists_report_67.pdf,https://osf.io/download/677a52fc3bb472eaf1698670/,False,,,,,,,,,
213,Result DACA project.docx,docx,task1_submission,/Submitted Replications/213/Replication Task 1/Result DACA project.docx,https://osf.io/download/677a6f96897aa854901168ee/,True,,,,,,,,,
995,readme.txt,txt,task1_submission,/Submitted Replications/995/Replication Task 1/readme.txt,https://osf.io/download/677b9231d795d367d2116a41/,False,,,,,,,,,
995,task1_results.docx,docx,task1_submission,/Submitted Replications/995/Replication Task 1/task1_results.docx,https://osf.io/download/677b9265a5a25efbfd116e43/,True,,,,,,,,,
881,manyecon_daca_task1_interpretation.pdf,pdf,task1_submission,/Submitted Replications/881/Replication Task 1/manyecon_daca_task1_interpretation.pdf,https://osf.io/download/677b7a82acd37275ce698515/,True,,,,,,,,,
293,write up.pdf,pdf,task1_submission,/Submitted Replications/293/Replication Task 1/write up.pdf,https://osf.io/download/677a76e32f5586f5a5f19b87/,True,,,,,,,,,
807,Results.docx,docx,task1_submission,/Submitted Replications/807/Replication Task 1/Results.docx,https://osf.io/download/677b62f8b5f6afb35f698782/,True,,,,,,,,,
807,SYNTAX FOR DATA ANALYSIS IN SPSS.docx,docx,task1_submission,/Submitted Replications/807/Replication Task 1/SYNTAX FOR DATA ANALYSIS IN SPSS.docx,https://osf.io/download/677b631036bf717e5e116c9a/,True,,,,,,,,,
807,Description and interpretation.docx,docx,task1_submission,/Submitted Replications/807/Replication Task 1/Description and interpretation.docx,https://osf.io/download/677b62e1a756a32bb4e6da39/,True,,,,,29536580.0,85.0,sample_of_individuals,"to include only non-citizens, born in Mexico and among Hispanics only Mexicans. Sample of 29536580 individuals was extracted. Demographic factors like sex and marital status were also includ",
308,results_2r.docx,docx,task1_submission,/Submitted Replications/308/Replication Task 1/results_2r.docx,https://osf.io/download/677a791990853f4e9e697ed8/,True,,,,,8634190.0,100.0,observations_label,"Number of Observations: 8,634,190",
040,DACA_findings.pdf,pdf,task1_submission,/Submitted Replications/040/Replication Task 1/DACA_findings.pdf,https://osf.io/download/677a50f39e386c26516982f2/,True,,,,,,,,,
950,Write Up.docx,docx,task1_submission,/Submitted Replications/950/Replication Task 1/Write Up.docx,https://osf.io/download/677b8be723c74cf12a69814f/,True,,,,,,,,,
145,task1_results.docx,docx,task1_submission,/Submitted Replications/145/Replication Task 1/task1_results.docx,https://osf.io/download/677a62390ef31e8e1b828b1a/,True,0.0359,95.0,att_narrative,"tation (mid-2012). I find an aggregate average treatment effect on the treated (ATT) of 3.59 percentage points [95% confidence interval 2.14-5.05], where standard errors are clustered at the",,,,,
559,submit results.docx,docx,task1_submission,/Submitted Replications/559/Replication Task 1/submit results.docx,https://osf.io/download/677af754a194719e17f19c8a/,True,,,,,,,,,
289,First Replication Results.docx,docx,task1_submission,/Submitted Replications/289/Replication Task 1/First Replication Results.docx,https://osf.io/download/677a75adb06aaa101a116b84/,True,,,,,,,,,
856,Many_Economists-task_1-ID_856.pdf,pdf,task1_submission,/Submitted Replications/856/Replication Task 1/Many_Economists-task_1-ID_856.pdf,https://osf.io/download/677b74e406f12a90d2e6dc90/,True,,,,,,,,,
856,Many_Economists-task_1-ID_856.Rmd,rmd,task1_submission,/Submitted Replications/856/Replication Task 1/Many_Economists-task_1-ID_856.Rmd,https://osf.io/download/677b74fda756a32bb4e6e192/,True,,,,,,,,,
737,Instructions and results RT1 737.docx,docx,task1_submission,/Submitted Replications/737/Replication Task 1/Instructions and results RT1 737.docx,https://osf.io/download/677b5167b393202e79e6e022/,True,,,,,,,,,
529,usa_00002.cbk.txt,txt,task1_submission,/Submitted Replications/529/Replication Task 1/usa_00002.cbk.txt,https://osf.io/download/677aefb22de1d6387769874b/,False,,,,,,,,,
529,summary.html,html,task1_submission,/Submitted Replications/529/Replication Task 1/summary.html,https://osf.io/download/677aef9c042cf2ec9f1174bd/,True,,,,,,,,,
883,research-task-01.qmd,qmd,task1_submission,/Submitted Replications/883/Replication Task 1/research-task-01.qmd,https://osf.io/download/677b7cd26093f9d349f196d4/,True,,,,,,,,,
883,research-task-01.html,html,task1_submission,/Submitted Replications/883/Replication Task 1/research-task-01.html,https://osf.io/download/677b7cba2346b53261e6dfb2/,True,0.22,100.0,preferred_narrative_pp,"ive impact. For eligible persons who arrived in the US around 0 to 5 years old, I find that DACA has increased the probability that they will be employed full-time by 22 percentage points for (SE 0.46) and 16 percentage points for males (SE 0.27). For eligible males",,,,,
015,Results_Summary_15.docx,docx,task1_submission,/Submitted Replications/015/Replication Task 1/Results_Summary_15.docx,https://osf.io/download/677a4fac52cc8b529411702b/,True,,,,,,,,,
795,Results task 1.docx,docx,task1_submission,/Submitted Replications/795/Replication Task 1/Results task 1.docx,https://osf.io/download/677b61e7fbcf80041de6def0/,True,,,,,,,,,
619,_Results.docx,docx,task1_submission,/Submitted Replications/619/Replication Task 1/_Results.docx,https://osf.io/download/677b0074dbee162b9df1a0f5/,False,,,,,,,,,
085,results.docx,docx,task1_submission,/Submitted Replications/085/Replication Task 1/results.docx,https://osf.io/download/677a57e60080c128e8e6dfbf/,True,,,,,,,,,
258,6ADAPTIVELASSO_ELIGIBILITY.Rmd,rmd,task1_submission,/Submitted Replications/258/Replication Task 1/6ADAPTIVELASSO_ELIGIBILITY.Rmd,https://osf.io/download/677a7215897aa85490116ac6/,False,,,,,,,,,
258,0master_file.Rmd,rmd,task1_submission,/Submitted Replications/258/Replication Task 1/0master_file.Rmd,https://osf.io/download/677a71bd9fb5896f1fe6d93c/,False,,,,,,,,,
258,7ADAPTIVELASSO_FULLTIMEWORK.Rmd,rmd,task1_submission,/Submitted Replications/258/Replication Task 1/7ADAPTIVELASSO_FULLTIMEWORK.Rmd,https://osf.io/download/677a72230ef31e8e1b829374/,False,,,,,,,,,
258,5PARALLEL_TREND.Rmd,rmd,task1_submission,/Submitted Replications/258/Replication Task 1/5PARALLEL_TREND.Rmd,https://osf.io/download/677a720596e441939f828cfb/,True,,,,,,,,,
258,Results.pdf,pdf,task1_submission,/Submitted Replications/258/Replication Task 1/Results.pdf,https://osf.io/download/677a724e242568da24e6dea6/,True,,,,,,,,,
258,4IPUMS_POLICY_MERGED.Rmd,rmd,task1_submission,/Submitted Replications/258/Replication Task 1/4IPUMS_POLICY_MERGED.Rmd,https://osf.io/download/677a71f7253d065cf6116f10/,False,,,,,,,,,
258,3POLICY_PROCESSED.Rmd,rmd,task1_submission,/Submitted Replications/258/Replication Task 1/3POLICY_PROCESSED.Rmd,https://osf.io/download/677a71e9a6ab485ce7e6e0ee/,False,,,,,,,,,
258,1IPUMS_CLEAN.Rmd,rmd,task1_submission,/Submitted Replications/258/Replication Task 1/1IPUMS_CLEAN.Rmd,https://osf.io/download/677a71cca9d75b1e6b8292f1/,True,,,,,,,,,
258,8FINAL_PREDICTORS.Rmd,rmd,task1_submission,/Submitted Replications/258/Replication Task 1/8FINAL_PREDICTORS.Rmd,https://osf.io/download/677a7231b06aaa101a116a2d/,False,,,,,,,,,
258,2IPUMS_PROCESSED.Rmd,rmd,task1_submission,/Submitted Replications/258/Replication Task 1/2IPUMS_PROCESSED.Rmd,https://osf.io/download/677a71db96e441939f828ce4/,False,,,,,,,,,
258,9PROBIT_MODEL.Rmd,rmd,task1_submission,/Submitted Replications/258/Replication Task 1/9PROBIT_MODEL.Rmd,https://osf.io/download/677a7240a6ab485ce7e6e107/,False,,,,,,,,,
417,task1.pdf,pdf,task1_submission,/Submitted Replications/417/Replication Task 1/task1.pdf,https://osf.io/download/677a8dcfc0bc13800ae6dd90/,True,,,,,,,,,
417,readme.txt,txt,task1_submission,/Submitted Replications/417/Replication Task 1/readme.txt,https://osf.io/download/677a8dae564994448c11727a/,False,,,,,,,,,
770,README.txt,txt,task1_submission,/Submitted Replications/770/Replication Task 1/README.txt,https://osf.io/download/677b573bdca661783169816c/,False,,,,,,,,,
923,Results.docx,docx,task1_submission,/Submitted Replications/923/Replication Task 1/Results.docx,https://osf.io/download/677b866a0f353ffba8e6da5f/,True,,,,,,,,,
002,summary_of_results.pdf,pdf,task1_submission,/Submitted Replications/002/Replication Task 1/summary_of_results.pdf,https://osf.io/download/677a324478a17db279e6e3e7/,True,0.029500000000000002,100.0,preferred_narrative_pp,"oyment rate, labor force participation rate), and state and year fixed effects. I find that eligibility for the DACA program increased the probability of full-time employment by 2.95 percentage points among ethnically Hispanic Mexican-born people living in the U.S. This effect is",,,,,
947,DACA.pdf,pdf,task1_submission,/Submitted Replications/947/Replication Task 1/DACA.pdf,https://osf.io/download/677b8b67794f68bfaff1960a/,True,,,,,,,,,
947,DACA.Rmd,rmd,task1_submission,/Submitted Replications/947/Replication Task 1/DACA.Rmd,https://osf.io/download/677b8ba1c243828d1ae6db44/,True,,,,,,,,,
076,Results table.docx,docx,task1_submission,/Submitted Replications/076/Replication Task 1/Results table.docx,https://osf.io/download/677a54aea326394358828fdf/,True,,,,,,,,,
432,Task1_Results.docx,docx,task1_submission,/Submitted Replications/432/Replication Task 1/Task1_Results.docx,https://osf.io/download/677a8eaaa827d00f72e6de9f/,True,0.013000000000000001,100.0,preferred_narrative_pp,and state-level time-trends. Standard errors were clustered at the state level. I found that the causal impact of eligibility for DACA increased an eligible person's probability of working full-time by 1.3 percentage points. Model 1 Model 2 (se) (se) DACA_elgibile -0.009 -0.009 -0.01 -0.01 did 0.014* 0,338042.0,85.0,sample_of_individuals,"(that is, those who were 36 in 2016 could have been age-eligible in June 2012). Between 2007-2016, I found a sample of 338.042 individuals fitting the inclusion/exclusion criteria. Of those, I found approximately 11% (",
048,summary_InitialDraft.docx,docx,task1_submission,/Submitted Replications/048/Replication Task 1/summary_InitialDraft.docx,https://osf.io/download/677a511d6132fdf701f19400/,True,,,,,,,,,
718,task1_report.pdf,pdf,task1_submission,/Submitted Replications/718/Replication Task 1/task1_report.pdf,https://osf.io/download/677b4ccc7d7da0151d69826a/,True,,,,,,,,,
79432,interpretation.docx,docx,task1_submission,/Submitted Replications/79432/Replication Task 1/interpretation.docx,https://osf.io/download/677b603ee73b619da5e6e1c6/,True,0.012,70.0,generic_narrative_pp,tes than does Model 2. Those preferred estimates indicate that the DACA program increased the probability of being employed full-time by 1.2 percentage points (significant at the 5% confidence level). This estimate captures an Intent-to-T,,,,,
813,Many_Economists_813.pdf,pdf,task1_submission,/Submitted Replications/813/Replication Task 1/Many_Economists_813.pdf,https://osf.io/download/677b642aa61c334326697d33/,True,,,,,,,,,
728,report_728.docx,docx,task1_submission,/Submitted Replications/728/Replication Task 1/report_728.docx,https://osf.io/download/677b4de97d7da0151d6982a7/,True,,,,,,,,,
279,writeup.docx,docx,task1_submission,/Submitted Replications/279/Replication Task 1/writeup.docx,https://osf.io/download/677a753496e441939f828e78/,True,,,,,470637.0,95.0,n_label,N                             470637        470637        470637        470637,
279,main_results.txt,txt,task1_submission,/Submitted Replications/279/Replication Task 1/main_results.txt,https://osf.io/download/677a75242785162b42e6deec/,False,,,,,,,,,
842,Results_paragraph.docx,docx,task1_submission,/Submitted Replications/842/Replication Task 1/Results_paragraph.docx,https://osf.io/download/677b7401591d6ee569f19a75/,True,,,,,,,,,
021,output.pdf,pdf,task1_submission,/Submitted Replications/021/Replication Task 1/output.pdf,https://osf.io/download/677a5053c876a5a5b669891b/,True,,,,,,,,,
387,Task 1 Results.docx,docx,task1_submission,/Submitted Replications/387/Replication Task 1/Task 1 Results.docx,https://osf.io/download/677a83a58b905474c6f196ba/,True,0.059000000000000004,70.0,generic_narrative_pp,The results show that the DACA program increased employment among Hispanic-Mexican Mexican-born people living in the US by 5.9 percentage points. This result is both economically and statistically significant (p<0.001) and h,,,,,
834,results_present.html,html,task1_submission,/Submitted Replications/834/Replication Task 1/results_present.html,https://osf.io/download/677b6eb422ed57b194f19e61/,True,,,,,3602018.0,95.0,n_label,N                 3602018         1621805          122153          224699           70796         2924560         1550040,
834,readme.txt,txt,task1_submission,/Submitted Replications/834/Replication Task 1/readme.txt,https://osf.io/download/677b6e9e4b802edf3fe6daac/,False,,,,,,,,,
616,task1.pdf,pdf,task1_submission,/Submitted Replications/616/Replication Task 1/task1.pdf,https://osf.io/download/677afff37c405d2ce3f19d29/,True,,,,,,,,,
239,DACA.pdf,pdf,task1_submission,/Submitted Replications/239/Replication Task 1/DACA.pdf,https://osf.io/download/677a70d2897aa85490116a1b/,True,,,,,,,,,
816,results.pdf,pdf,task1_submission,/Submitted Replications/816/Replication Task 1/results.pdf,https://osf.io/download/677b66367f0e109d52116988/,True,,,,,,,,,
562,submission-replication-task01.docx,docx,task1_submission,/Submitted Replications/562/Replication Task 1/submission-replication-task01.docx,https://osf.io/download/677af7f5042cf2ec9f1178e2/,True,,,,,,,,,
784,ManyEconomists.pdf,pdf,task1_submission,/Submitted Replications/784/Replication Task 1/ManyEconomists.pdf,https://osf.io/download/677b5bc3b5f6afb35f6983e9/,True,,,,,,,,,
061,Task 1 Results - Participant 61.pdf,pdf,task1_submission,/Submitted Replications/061/Replication Task 1/Task 1 Results - Participant 61.pdf,https://osf.io/download/677a528076c62044601166b9/,True,,,,,,,,,
082,README.txt,txt,task1_submission,/Submitted Replications/082/Replication Task 1/README.txt,https://osf.io/download/677a5600bd99debbb8116fad/,False,,,,,,,,,
082,MEP_82.pdf,pdf,task1_submission,/Submitted Replications/082/Replication Task 1/MEP_82.pdf,https://osf.io/download/677a55de0080c128e8e6dda3/,True,0.027999999999999997,70.0,generic_narrative_pp,rm in Column (3) is significant at the 10 percent 1 level and implies that DACA increased the likelihood of full-time employment by 2.8 percentage points on average. Table 1. The Effect of DACA on Full-Time Employment Eligibility Cri,,,,,
509,report.docx,docx,task1_submission,/Submitted Replications/509/Replication Task 1/report.docx,https://osf.io/download/677a9be48ff8e21637e6d9b7/,True,,,,,,,,,
135,Results.pdf,pdf,task1_submission,/Submitted Replications/135/Replication Task 1/Results.pdf,https://osf.io/download/677a6015d1f43d112f828bce/,True,,,,,,,,,
386,Results.pdf,pdf,task1_submission,/Submitted Replications/386/Replication Task 1/Results.pdf,https://osf.io/download/677a826690853f4e9e6982dc/,True,,,,,,,,,
756,Results_756.docx,docx,task1_submission,/Submitted Replications/756/Replication Task 1/Results_756.docx,https://osf.io/download/677b536ef62fd2f6a2828d4c/,True,,,,,,,,,
775,Abstract_replication.pdf,pdf,task1_submission,/Submitted Replications/775/Replication Task 1/Abstract_replication.pdf,https://osf.io/download/677b58bafbcf80041de6da2b/,True,,,,,,,,,
139,MEP_description.pdf,pdf,task1_submission,/Submitted Replications/139/Replication Task 1/MEP_description.pdf,https://osf.io/download/677a614ed10d9d6a1e116a92/,True,,,,,,,,,
888,replication01_text.pdf,pdf,task1_submission,/Submitted Replications/888/Replication Task 1/replication01_text.pdf,https://osf.io/download/677b7ea480d3a19579f19a05/,True,,,,,,,,,
532,results.docx,docx,task1_submission,/Submitted Replications/532/Replication Task 1/results.docx,https://osf.io/download/677af02169d1731dce82935f/,True,,,,,,,,,
274,Many_Economists_Replication_Task_1.pdf,pdf,task1_submission,/Submitted Replications/274/Replication Task 1/Many_Economists_Replication_Task_1.pdf,https://osf.io/download/677a7417897aa85490116be8/,True,,,,,,,,,
871,test.txt,txt,task1_submission,/Submitted Replications/871/Replication Task 1/test.txt,https://osf.io/download/677b7705591d6ee569f19b47/,False,,,,,,,,,
871,task1_results.pdf,pdf,task1_submission,/Submitted Replications/871/Replication Task 1/task1_results.pdf,https://osf.io/download/677b76ec2346b53261e6dc86/,True,0.0446,70.0,generic_narrative_pp,"y signiﬁcant results. The ﬁrst column, the preferred estimate, DACA eligibility increased the probability of working full-time by 4.46 percentage points. The preferred estimate includes State-Year ﬁxed eﬀects, controlling for both t",,,,,
98264,report.pdf,pdf,task1_submission,/Submitted Replications/98264/Replication Task 1/report.pdf,https://osf.io/download/677b8fac794f68bfaff199e9/,True,,,,,188802.0,85.0,sample_of_individuals,"ude 1,072 individuals for which the reported year of immigration is smaller than their year of birth, leaving me with a sample of 188,802 observations used in the analysis summarized below. Methodology DACA eligibility. To qualify",
642,Results.docx,docx,task1_submission,/Submitted Replications/642/Replication Task 1/Results.docx,https://osf.io/download/677b0253dbee162b9df1a218/,True,,,,,,,,,
31261,State Level Data Documentation.docx,docx,task1_submission,/Submitted Replications/31261/Replication Task 1/State Level Data Documentation.docx,https://osf.io/download/677a7a66a6ab485ce7e6e3d7/,False,,,,,,,,,
31261,Research Task.docx,docx,task1_submission,/Submitted Replications/31261/Replication Task 1/Research Task.docx,https://osf.io/download/677a7a559fb5896f1fe6de21/,True,,,,,,,,,
31261,Table 1.docx,docx,task1_submission,/Submitted Replications/31261/Replication Task 1/Table 1.docx,https://osf.io/download/677a7a79fe8fb17026116775/,True,,,,,,,,,
861,Results1.docx,docx,task1_submission,/Submitted Replications/861/Replication Task 1/Results1.docx,https://osf.io/download/677b75ab1085cb6902828e94/,True,,,,,,,,,
907,Results.pdf,pdf,task1_submission,/Submitted Replications/907/Replication Task 1/Results.pdf,https://osf.io/download/677b80422346b53261e6e19e/,True,,,,,,,,,
665,report.pdf,pdf,task1_submission,/Submitted Replications/665/Replication Task 1/report.pdf,https://osf.io/download/677b040298d6d216f3116974/,True,,,,,,,,,
326,Replication 1 Results Write-Up.docx,docx,task1_submission,/Submitted Replications/326/Replication Task 1/Replication 1 Results Write-Up.docx,https://osf.io/download/677a7c792f5586f5a5f19dde/,True,,,,,,,,,
405,Round1 WriteUp.docx,docx,task1_submission,/Submitted Replications/405/Replication Task 1/Round1 WriteUp.docx,https://osf.io/download/677a8cb5a827d00f72e6ddfe/,True,0.02,100.0,preferred_narrative_pp,"My preferred estimates suggest that the implementation of DACA increased the likelihood of a DACA-eligible individual working full time, measured as 35+ hours in the past week, by 2 percentage points (or a roughly 4% increase over a mean of 48% working). Results are statisticall",435544.0,95.0,n_label,N                  435544          236805,
108,analysisResultsDescription.docx,docx,task1_submission,/Submitted Replications/108/Replication Task 1/analysisResultsDescription.docx,https://osf.io/download/677a5ba620777f7a65e6e2fd/,True,,,,,,,,,
131,Many-Economists Project - ID 131.pdf,pdf,task1_submission,/Submitted Replications/131/Replication Task 1/Many-Economists Project - ID 131.pdf,https://osf.io/download/677a5fa4d1f43d112f828b9b/,True,0.012,70.0,generic_narrative_pp,"effect on the probability of DACA-eligible individuals working full-time: DACA increased the likelihood that an eligible individual would work full-time by 1.2 percentage points (Column 1, preferred specification). This result is statistically significant a",,,,,
649,Results.docx,docx,task1_submission,/Submitted Replications/649/Replication Task 1/Results.docx,https://osf.io/download/677b032d98d6d216f311690b/,True,,,,,,,,,
312,312_Replication_task_1.pdf,pdf,task1_submission,/Submitted Replications/312/Replication Task 1/312_Replication_task_1.pdf,https://osf.io/download/677a79a296e441939f829168/,True,0.057,70.0,generic_narrative_pp,"ontrol variables and fixed effects, i.e. Column (2). The DACA program led to an increased full-time employment for eligible individuals by 5.7 pp. (se = 0.021). Columns (1) and (2) of Table 4 include individuals who entered t",,,,,
497,Replication task 1.docx,docx,task1_submission,/Submitted Replications/497/Replication Task 1/Replication task 1.docx,https://osf.io/download/677a9b184dbc37ab1b116769/,True,,,,,,,,,
537,ID 537_summary.pdf,pdf,task1_submission,/Submitted Replications/537/Replication Task 1/ID 537_summary.pdf,https://osf.io/download/677af0e53dd7599907698ccb/,True,,,,,,,,,
961,1_analysis.Rmd,rmd,task1_submission,/Submitted Replications/961/Replication Task 1/1_analysis.Rmd,https://osf.io/download/677b8cf53029eb20e5697cf5/,True,,,,,,,,,
961,3_additional_regressions.Rmd,rmd,task1_submission,/Submitted Replications/961/Replication Task 1/3_additional_regressions.Rmd,https://osf.io/download/677b8d2b30aca28274697ce7/,False,,,,,,,,,
961,2_results_summary.Rmd,rmd,task1_submission,/Submitted Replications/961/Replication Task 1/2_results_summary.Rmd,https://osf.io/download/677b8d1123c74cf12a6981d2/,True,4.0,95.0,att_narrative,"inding that the covariate control is required). ```{r, echo=FALSE} knitr::kable(ATT[,2:9], digits = 4, caption=""ATT (period 2013-2016)"") ``` ```{r, echo=FALSE} iplot(modelglm4, main",,,,,
961,readme.txt,txt,task1_submission,/Submitted Replications/961/Replication Task 1/readme.txt,https://osf.io/download/677b8d7c6093f9d349f19ca1/,False,,,,,,,,,
961,ID_961_results_summary.pdf,pdf,task1_submission,/Submitted Replications/961/Replication Task 1/ID_961_results_summary.pdf,https://osf.io/download/677b8d441085cb6902829506/,True,0.0422,95.0,att_narrative,"nal effect has to be calculated. It is presented in the Table 2. The calculated ATT over the period 2013-2016 is 0.0422, indicating that the absolute probability for the eligible persons to work full",214530.0,95.0,total_n,"the binary nature of the outcome variable). Data from 2006 until 2016 was used, with a total N of 214530. The model ""Treatment"" contains the regular treatment effect, ""Dynamic"" is a co",
144,ME-Task1-Writeup-Final.pdf,pdf,task1_submission,/Submitted Replications/144/Replication Task 1/ME-Task1-Writeup-Final.pdf,https://osf.io/download/677a6197bca468d898697e02/,True,,,,,,,,,
363,Many Economists project_initial task write-up.pdf,pdf,task1_submission,/Submitted Replications/363/Replication Task 1/Many Economists project_initial task write-up.pdf,https://osf.io/download/677a7fad1829ee3579e6dace/,True,,,,,,,,,
563,Many_Economists results summary.pdf,pdf,task1_submission,/Submitted Replications/563/Replication Task 1/Many_Economists results summary.pdf,https://osf.io/download/677af8f67a5b2aff3c1165e1/,True,,,,,,,,,
127,manyeconomist_finaltable.docx,docx,task1_submission,/Submitted Replications/127/Replication Task 1/manyeconomist_finaltable.docx,https://osf.io/download/677a5ee9bca468d898697cb1/,True,,,,,,,,,
127,127_manyeconomist_task1_descriptionandresults_13jan2023.pdf,pdf,task1_submission,/Submitted Replications/127/Replication Task 1/127_manyeconomist_task1_descriptionandresults_13jan2023.pdf,https://osf.io/download/677a5eda76c6204460116dec/,True,0.06,70.0,generic_narrative_pp,"ificant at 1% (Panel B, column 2 of the table). This result indicates that DACA increased full-time employment by 6 percentage points. A placebo test using only the pre-DACA years yields a statistically insignific",,,,,
127,127_manyeconomist_task1_descriptionandresults_13jan2023.docx,docx,task1_submission,/Submitted Replications/127/Replication Task 1/127_manyeconomist_task1_descriptionandresults_13jan2023.docx,https://osf.io/download/677a5ecd85e3bfac7a697f89/,True,0.06,70.0,generic_narrative_pp,"ificant at 1% (Panel B, column 2 of the table). This result indicates that DACA increased full-time employment by 6 percentage points. A placebo test using only the pre-DACA years yields a statistically insignific",,,,,
162,Many_Economists_Results.pdf,pdf,task1_submission,/Submitted Replications/162/Replication Task 1/Many_Economists_Results.pdf,https://osf.io/download/677a656f85e3bfac7a69839d/,True,,,,,,,,,
162,Data_Download.txt,txt,task1_submission,/Submitted Replications/162/Replication Task 1/Data_Download.txt,https://osf.io/download/677a65510ef31e8e1b828c47/,False,,,,,,,,,
083,Results.docx,docx,task1_submission,/Submitted Replications/083/Replication Task 1/Results.docx,https://osf.io/download/677a574e47e216891be6e4b2/,True,,,,,,,,,
609,results.docx,docx,task1_submission,/Submitted Replications/609/Replication Task 1/results.docx,https://osf.io/download/677aff5645026fd47be6e414/,True,,,,,,,,,
193,results.docx,docx,task1_submission,/Submitted Replications/193/Replication Task 1/results.docx,https://osf.io/download/677a68c1d1f43d112f8290c6/,True,,,,,,,,,
548,ManyEconomists_Rd1_WriteUp_20230112.pdf,pdf,task1_submission,/Submitted Replications/548/Replication Task 1/ManyEconomists_Rd1_WriteUp_20230112.pdf,https://osf.io/download/677af5e6ef558a9a0c829261/,True,0.040999999999999995,70.0,generic_narrative_pp,who should not be directly affected by DACA. Table 1 reports evidence that DACA increased the probability an individual in the potentially DACA- eligible non-citizen population was employed full-time by 4.1 percentage points (S.E. 0.9pp). Figure 1 shows these results graphically and demonstrates that in,,,,,
763,results_763.pdf,pdf,task1_submission,/Submitted Replications/763/Replication Task 1/results_763.pdf,https://osf.io/download/677b561d055f814c4f116b2b/,True,,,,,,,,,
832,832_Results.pdf,pdf,task1_submission,/Submitted Replications/832/Replication Task 1/832_Results.pdf,https://osf.io/download/677b6dafd3d8e8449a69832f/,True,0.054000000000000006,70.0,generic_narrative_pp,"e diﬀerence-in-diﬀerence coeﬃcient of interest is DACA x Post. DACA eligibility increased the probability of full- time employment of Hispanic-Mexican, Mexican born, non-citizens by 5.4 percentage points between 2013-2016. The control group had an employment probability of 59 percen",,,,,
158,result_daca.pdf,pdf,task1_submission,/Submitted Replications/158/Replication Task 1/result_daca.pdf,https://osf.io/download/677a64dbd10d9d6a1e116cb0/,True,0.027999999999999997,70.0,generic_narrative_pp,"Hispanics in the US, the Deferred Action for Childhood Arrivals (DACA) program increased the probability of working full-time by 2.8 percentage points. I generate DACA-eligible individuals for each year in the dataset (2006-2016)",,,,,
050,DACA_50_Results.docx,docx,task1_submission,/Submitted Replications/050/Replication Task 1/DACA_50_Results.docx,https://osf.io/download/677a51ff26f633f8448297f5/,True,,,,,,,,,
050,README.txt,txt,task1_submission,/Submitted Replications/050/Replication Task 1/README.txt,https://osf.io/download/cty3q/,False,,,,,,,,,
105,Task 1.docx,docx,task1_submission,/Submitted Replications/105/Replication Task 1/Task 1.docx,https://osf.io/download/677a59f252cc8b52941172f4/,True,,,,,,,,,
494,494_summary.pdf,pdf,task1_submission,/Submitted Replications/494/Replication Task 1/494_summary.pdf,https://osf.io/download/677a9a5cfbf3d49e606984ab/,True,,,,,,,,,
136,writeup.docx,docx,task1_submission,/Submitted Replications/136/Replication Task 1/writeup.docx,https://osf.io/download/677a60d42fafa7cb1d697fb7/,True,,,,,,,,,
204,Readme.docx,docx,task1_submission,/Submitted Replications/204/Replication Task 1/Readme.docx,https://osf.io/download/677a6a33051fc1384bf1964f/,False,,,,,,,,,
204,replication 1 writeup.docx,docx,task1_submission,/Submitted Replications/204/Replication Task 1/replication 1 writeup.docx,https://osf.io/download/677a6a51bca468d898698264/,True,,,,,,,,,
169,Writeup.docx,docx,task1_submission,/Submitted Replications/169/Replication Task 1/Writeup.docx,https://osf.io/download/677a66f8051fc1384bf194be/,True,0.0174,70.0,generic_narrative_pp,"ion. Our preferred specification is column (5). The estimate suggests that DACA increased employment by 1.74 percentage points, which translates to a 1.9% increase relative to the dependent variable mean (0",,,,,
972,econ code.docx,docx,task1_submission,/Submitted Replications/972/Replication Task 1/econ code.docx,https://osf.io/download/677b8f046093f9d349f19da7/,False,,,,,,,,,
821,results_writeup.docx,docx,task1_submission,/Submitted Replications/821/Replication Task 1/results_writeup.docx,https://osf.io/download/677b6747591d6ee569f1935d/,True,,,,,,,,,
488,Task 1 488.pdf,pdf,task1_submission,/Submitted Replications/488/Replication Task 1/Task 1 488.pdf,https://osf.io/download/677a9970fbf3d49e6069845c/,True,,,,,,,,,
081,task_one_results.pdf,pdf,task1_submission,/Submitted Replications/081/Replication Task 1/task_one_results.pdf,https://osf.io/download/677a55370080c128e8e6dd40/,True,,,,,,,,,
211,did_results.pdf,pdf,task1_submission,/Submitted Replications/211/Replication Task 1/did_results.pdf,https://osf.io/download/677a6e12a9d75b1e6b829195/,True,,,,,,,,,
211,06_research_tast_write_up.html,html,task1_submission,/Submitted Replications/211/Replication Task 1/06_research_tast_write_up.html,https://osf.io/download/677a6df5ca5992739b697f7a/,True,,,,,,,,,
211,06_research_tast_write_up.qmd,qmd,task1_submission,/Submitted Replications/211/Replication Task 1/06_research_tast_write_up.qmd,https://osf.io/download/677a6e03bca468d8986983c0/,True,,,,,,,,,
115,resultparagraph.docx,docx,task1_submission,/Submitted Replications/115/Replication Task 1/resultparagraph.docx,https://osf.io/download/677a5e3281504fc91fe6e01f/,True,,,,,,,,,
115,usa_00007.codebook.txt,txt,task1_submission,/Submitted Replications/115/Replication Task 1/usa_00007.codebook.txt,https://osf.io/download/677a5e5985e3bfac7a697f56/,False,,,,,,,,,
929,The Effect of DACA on Employment.docx,docx,task1_submission,/Submitted Replications/929/Replication Task 1/The Effect of DACA on Employment.docx,https://osf.io/download/677b89e39c95e0a6276986d6/,True,,,,,,,,,
748,task1_submission.pdf,pdf,task1_submission,/Submitted Replications/748/Replication Task 1/task1_submission.pdf,https://osf.io/download/677b52b0e73b619da5e6db59/,True,,,,,,,,,
598,Results first task.docx,docx,task1_submission,/Submitted Replications/598/Replication Task 1/Results first task.docx,https://osf.io/download/677afdc87c405d2ce3f19c59/,True,,,,,,,,,
069,Many Economists Analysis Round 1.pdf,pdf,task1_submission,/Submitted Replications/069/Replication Task 1/Many Economists Analysis Round 1.pdf,https://osf.io/download/677a5391390472bebf828f9f/,True,,,,,,,,,
824,Many_Economists_Project.pdf,pdf,task1_submission,/Submitted Replications/824/Replication Task 1/Many_Economists_Project.pdf,https://osf.io/download/677b6a6dbfebb374c869863b/,True,,,,,,,,,
322,ID322 DESCRIPTION AND INTERPRETATION OF RESULTS (TASK 1).docx,docx,task1_submission,/Submitted Replications/322/Replication Task 1/ID322 DESCRIPTION AND INTERPRETATION OF RESULTS (TASK 1).docx,https://osf.io/download/677a7b782db18a8d4c698008/,True,0.006,70.0,generic_narrative_pp,ich is not significant at the 5% level. This point estimate indicates that DACA increased the probability of being employed by 0.6 percentage points for the eligible group of DACA after implementation compared with no DACA befor,,,,,
576,Interpretation.pdf,pdf,task1_submission,/Submitted Replications/576/Replication Task 1/Interpretation.pdf,https://osf.io/download/677afabfc3ed96649269886f/,True,0.027999999999999997,70.0,generic_narrative_pp,emented at the state level. The effects on column 1 imply that DACA eligibility increased the likelihood to be employed full time by 2.8 percentage points. This effect is statistically significant at all conventional levels. Since ful,,,,,
702,report.pdf,pdf,task1_submission,/Submitted Replications/702/Replication Task 1/report.pdf,https://osf.io/download/677b053449ea2b80c3828bc1/,True,,,,,,,,,
788,Results from Participant 788.docx,docx,task1_submission,/Submitted Replications/788/Replication Task 1/Results from Participant 788.docx,https://osf.io/download/677b5f24a756a32bb4e6d78e/,True,,,,,,,,,
250,Description_of_results.docx,docx,task1_submission,/Submitted Replications/250/Replication Task 1/Description_of_results.docx,https://osf.io/download/677a714fa6ab485ce7e6e0de/,True,,,,,,,,,
732,results.Rmd,rmd,task1_submission,/Submitted Replications/732/Replication Task 1/results.Rmd,https://osf.io/download/677b4ed764bd155f2ff197ee/,True,,,,,,,,,
732,results.html,html,task1_submission,/Submitted Replications/732/Replication Task 1/results.html,https://osf.io/download/677b4ec203fbec381b116de4/,True,,,,,,,,,
732,readme.txt,txt,task1_submission,/Submitted Replications/732/Replication Task 1/readme.txt,https://osf.io/download/677b4eacf2d109d3848295f1/,False,,,,,,,,,
91324,results.pdf,pdf,task1_submission,/Submitted Replications/91324/Replication Task 1/results.pdf,https://osf.io/download/677b8189a5a25efbfd11662b/,True,,,,,,,,,
212,Task1.results description.pdf,pdf,task1_submission,/Submitted Replications/212/Replication Task 1/Task1.results description.pdf,https://osf.io/download/677a6f252fafa7cb1d6983b7/,True,,,,,,,,,
761,daca-results_v001.pdf,pdf,task1_submission,/Submitted Replications/761/Replication Task 1/daca-results_v001.pdf,https://osf.io/download/677b5498b393202e79e6e0b9/,True,,,,,,,,,
558,Results.pdf,pdf,task1_submission,/Submitted Replications/558/Replication Task 1/Results.pdf,https://osf.io/download/677af69ea4d696c52de6daa1/,True,,,,,,,,,
914,Participant914-Task1-Writeup.pdf,pdf,task1_submission,/Submitted Replications/914/Replication Task 1/Participant914-Task1-Writeup.pdf,https://osf.io/download/677b836f4b802edf3fe6df0b/,True,,,,,205098.0,95.0,n_label,"N = 205,098",
914,Participant914-Task1-Analysis.Rmd,rmd,task1_submission,/Submitted Replications/914/Replication Task 1/Participant914-Task1-Analysis.Rmd,https://osf.io/download/677b83559043924c99116e93/,True,,,,,,,,,
914,Analysis.Rmd,rmd,task1_submission,/Submitted Replications/914/Replication Task 1/Analysis.Rmd,https://osf.io/download/677b83239075a17e35116ab0/,True,,,,,,,,,
209,Description_Results.pdf,pdf,task1_submission,/Submitted Replications/209/Replication Task 1/Description_Results.pdf,https://osf.io/download/677a6d372f5586f5a5f198c0/,True,,,,,,,,,
582,Results - round 1.docx,docx,task1_submission,/Submitted Replications/582/Replication Task 1/Results - round 1.docx,https://osf.io/download/677afc0eac62c9068482996d/,True,,,,,132637.0,95.0,n_label,"n = 132,637",
919,Write-up.docx,docx,task1_submission,/Submitted Replications/919/Replication Task 1/Write-up.docx,https://osf.io/download/677b853f6992b1a115e6d93d/,True,,,,,,,,,
092,ManyEconomists_writeup.docx,docx,task1_submission,/Submitted Replications/092/Replication Task 1/ManyEconomists_writeup.docx,https://osf.io/download/677a58f19e386c26516985b5/,True,,,,,,,,,
020,results.docx,docx,task1_submission,/Submitted Replications/020/Replication Task 1/results.docx,https://osf.io/download/677a4ffb6132fdf701f19361/,True,,,,,,,,,
546,explanation.md,md,task1_submission,/Submitted Replications/546/Replication Task 1/explanation.md,https://osf.io/download/677af4257013653e1a697de1/,True,0.054,75.0,interaction_line,not_citizen_in_2012 x young_enough x after2012  0.0540 (0.0782),13036.0,100.0,observations_label,"Observations                                             13,036",
546,explanation.html,html,task1_submission,/Submitted Replications/546/Replication Task 1/explanation.html,https://osf.io/download/677af412a194719e17f19b9a/,True,0.054,75.0,interaction_line,not_citizen_in_2012 x young_enough x after2012  0.0540 (0.0782),13036.0,100.0,observations_label,"Observations                                             13,036",
608,Results_description.pdf,pdf,task1_submission,/Submitted Replications/608/Replication Task 1/Results_description.pdf,https://osf.io/download/677afe9fa4d696c52de6ddc2/,True,,,,,,,,,
208,paper.pdf,pdf,task1_submission,/Submitted Replications/208/Replication Task 1/paper.pdf,https://osf.io/download/677a6bfd242568da24e6dac6/,True,0.027000000000000003,100.0,preferred_narrative_pp,"ividuals above the threshold are not eligible for DACA, the local randomization results suggest that DACA eligibility increased the probability of full-time employment by 2.7 percentage points with a 95% confidence interval of [1.3, 4.1]. Importantly, this confidence inte",,,,,
515,515_ReplicationTask1.pdf,pdf,task1_submission,/Submitted Replications/515/Replication Task 1/515_ReplicationTask1.pdf,https://osf.io/download/677aeeffa6509adf31e6e6bf/,True,0.022000000000000002,100.0,preferred_narrative_pp,employment among the sample of Mexican-Hispanic individuals born in Mexico. The estimated impact in Column 3 shows that DACA Eligibility raised the likelihood of full-time employment by 2.2 percentage points among Mexican-Hispanic individuals born in Mexico. 1 Table 1: Impact of DACA El,,,,,
094,Description of Results.docx,docx,task1_submission,/Submitted Replications/094/Replication Task 1/Description of Results.docx,https://osf.io/download/677a595a595beeb346f19f02/,True,,,,,,,,,
579,summary_mep.pdf,pdf,task1_submission,/Submitted Replications/579/Replication Task 1/summary_mep.pdf,https://osf.io/download/677afb650b9c57d315828f82/,True,,,,,,,,,
591,manyecon_task1.docx,docx,task1_submission,/Submitted Replications/591/Replication Task 1/manyecon_task1.docx,https://osf.io/download/677afcd0c3ed9664926988e5/,True,,,,,,,,,
152,Results_paragraph.pdf,pdf,task1_submission,/Submitted Replications/152/Replication Task 1/Results_paragraph.pdf,https://osf.io/download/677a62700ef31e8e1b828b2a/,True,,,,,,,,,
152,Results_paragraph.docx,docx,task1_submission,/Submitted Replications/152/Replication Task 1/Results_paragraph.docx,https://osf.io/download/677a62623402f35d9df19f8d/,True,,,,,,,,,
434,Explanation.docx,docx,task1_submission,/Submitted Replications/434/Replication Task 1/Explanation.docx,https://osf.io/download/677a8fa08b905474c6f19997/,True,,,,,,,,,
708,Results.pdf,pdf,task1_submission,/Submitted Replications/708/Replication Task 1/Results.pdf,https://osf.io/download/677b05f5f5df1c1643697dc4/,True,,,,,,,,,
349,firstreplication_results.pdf,pdf,task1_submission,/Submitted Replications/349/Replication Task 1/firstreplication_results.pdf,https://osf.io/download/677a7ea39fb5896f1fe6e065/,True,0.05,70.0,generic_narrative_pp,"ends, the estimated coefﬁcient indicates that eligibility for DACA signiﬁcantly increased the probability of full-time employment in 2013-2016 by 5 percentage points (95% conﬁdence interval: +3.7, +6.2 p.p.). 1",,,,,
295,Document1.pdf,pdf,task1_submission,/Submitted Replications/295/Replication Task 1/Document1.pdf,https://osf.io/download/677a77a5fe8fb170261165dc/,True,0.037000000000000005,70.0,generic_narrative_pp,relatively modest for higher values of X. This indicates that DACA eligibility raised employment rates among undocumented Mexican immigrants by 3.7ppts. Table 1: Estimates of the impact of DACA eligibility on full-time work (1) (,,,,,
295,Readme.txt,txt,task1_submission,/Submitted Replications/295/Replication Task 1/Readme.txt,https://osf.io/download/677a77d690853f4e9e697e76/,False,,,,,,,,,
998,study.Rmd,rmd,task1_submission,/Submitted Replications/998/Replication Task 1/study.Rmd,https://osf.io/download/677b948ffabaaf11b1f196ea/,True,,,,,,,,,
998,Results.pdf,pdf,task1_submission,/Submitted Replications/998/Replication Task 1/Results.pdf,https://osf.io/download/677b947579ef284fddf194cf/,True,,,,,,,,,
782,results.Rmd,rmd,task1_submission,/Submitted Replications/782/Replication Task 1/analyses/results.Rmd,https://osf.io/download/677b5a4f64bd155f2ff19c65/,True,,,,,,,,,
782,results.pdf,pdf,task1_submission,/Submitted Replications/782/Replication Task 1/analyses/results.pdf,https://osf.io/download/677b5a337fbdcf655d8291a5/,True,,,,,,,,,
070,MEWriteup70.docx,docx,task1_submission,/Submitted Replications/070/Replication Task 1/ME 70/MEWriteup70.docx,https://osf.io/download/677a546d3bb472eaf1698700/,True,,,,,,,,,
446,usa_00004.Rmd,rmd,task1_submission,/Submitted Replications/446/Replication Task 1/DACA_2022/usa_00004.Rmd,https://osf.io/download/677a9492650f32bf61829358/,True,,,,,,,,,
446,dm00.html,html,task1_submission,/Submitted Replications/446/Replication Task 1/DACA_2022/dm00.html,https://osf.io/download/677a913053f717473f116d69/,False,,,,,,,,,
446,dm.html,html,task1_submission,/Submitted Replications/446/Replication Task 1/DACA_2022/dm.html,https://osf.io/download/677a911b53f717473f116d67/,False,,,,,,,,,
446,final model.Rmd,rmd,task1_submission,/Submitted Replications/446/Replication Task 1/DACA_2022/final model.Rmd,https://osf.io/download/677a94171829ee3579e6df84/,True,,,,,,,,,
446,usa_00004.html,html,task1_submission,/Submitted Replications/446/Replication Task 1/DACA_2022/usa_00004.html,https://osf.io/download/677a947d068342f88de6e10d/,True,,,,,,,,,
446,final model.Rmd,rmd,task1_submission,/Submitted Replications/446/Replication Task 1/DACA_2022/final model.Rmd,https://osf.io/download/677a94171829ee3579e6df84/,True,,,,,,,,,
446,Instruction file.docx,docx,task1_submission,/Submitted Replications/446/Replication Task 1/DACA_2022/Instruction file.docx,https://osf.io/download/677a943f650f32bf61829327/,True,,,,,,,,,
446,ds.html,html,task1_submission,/Submitted Replications/446/Replication Task 1/DACA_2022/ds.html,https://osf.io/download/677a92b466b2df171ef1985c/,False,,,,,,,,,
446,dsfinal.html,html,task1_submission,/Submitted Replications/446/Replication Task 1/DACA_2022/dsfinal.html,https://osf.io/download/677a94023421d6a126116c01/,False,,,,,,,,,
446,final-model.html,html,task1_submission,/Submitted Replications/446/Replication Task 1/DACA_2022/final-model.html,https://osf.io/download/677a942b385de5ed2111666e/,True,,,,,,,,,
446,Round_X1_Review_of_21_by_446.docx,docx,task1_submission,/Submitted Replications/446/Replication Task 1/Review of Task 1/Round_X1_Review_of_21_by_446.docx,https://osf.io/download/677a9530c0bc13800ae6e076/,False,,,,,,,,,
213,Table 4. Effect of DACA on Labor Market by Gender.docx,docx,task1_submission,/Submitted Replications/213/Replication Task 1/Tables and Figures/Table 4. Effect of DACA on Labor Market by Gender.docx,https://osf.io/download/677a7030d10d9d6a1e1172c6/,False,,,,,,,,,
213,Table 1. Summary Statistics..docx,docx,task1_submission,/Submitted Replications/213/Replication Task 1/Tables and Figures/Table 1. Summary Statistics..docx,https://osf.io/download/677a6ffa96e441939f828b96/,False,,,,,,,,,
213,"Figure 2. Effect of DACA on Employment, Hispanic-Mexican Mexican-born Immigrants.docx",docx,task1_submission,"/Submitted Replications/213/Replication Task 1/Tables and Figures/Figure 2. Effect of DACA on Employment, Hispanic-Mexican Mexican-born Immigrants.docx",https://osf.io/download/677a6fe985e3bfac7a698719/,False,,,,,,,,,
213,"Figure 1. Average Full Employment, Hispanic-Mexican Mexican-born Immigrants.docx",docx,task1_submission,"/Submitted Replications/213/Replication Task 1/Tables and Figures/Figure 1. Average Full Employment, Hispanic-Mexican Mexican-born Immigrants.docx",https://osf.io/download/677a6fd6a9d75b1e6b829262/,False,,,,,,,,,
213,Table 2. Effect of DACA on Labor Market.docx,docx,task1_submission,/Submitted Replications/213/Replication Task 1/Tables and Figures/Table 2. Effect of DACA on Labor Market.docx,https://osf.io/download/677a700b051fc1384bf199ce/,False,,,,,,,,,
213,Table 3. Pre-trend Analysis on the Effect of DACA on Labor Market.docx,docx,task1_submission,/Submitted Replications/213/Replication Task 1/Tables and Figures/Table 3. Pre-trend Analysis on the Effect of DACA on Labor Market.docx,https://osf.io/download/677a701e9fb5896f1fe6d849/,False,,,,,,,,,
333,Replication task 1.docx,docx,task1_submission,/Submitted Replications/333/Replication Task 1/TASK 1/Replication task 1.docx,https://osf.io/download/677a7d1a564994448c1167f6/,True,,,,,,,,,
881,t1acs_daca.txt,txt,task1_submission,/Submitted Replications/881/Replication Task 1/task1_programs_data/t1acs_daca.txt,https://osf.io/download/677b7b1d80d3a19579f19926/,False,,,,,,,,,
881,readme.txt,txt,task1_submission,/Submitted Replications/881/Replication Task 1/task1_programs_data/readme.txt,https://osf.io/download/677b7b0346d2b9b2c3828c67/,True,,,,,,,,,
109,Research Summary.pdf,pdf,task1_submission,/Submitted Replications/109/Replication Task 1/DACA/Research Summary.pdf,https://osf.io/download/677a5c786132fdf701f19944/,True,,,,,,,,,
109,Readme.pdf,pdf,task1_submission,/Submitted Replications/109/Replication Task 1/DACA/Readme.pdf,https://osf.io/download/677a5c6a0080c128e8e6e1c7/,True,,,,,,,,,
109,Readme.docx,docx,task1_submission,/Submitted Replications/109/Replication Task 1/DACA/Readme.docx,https://osf.io/download/677a5c59a3263943588292c7/,True,,,,,,,,,
450,DACA_Results_Task1.docx,docx,task1_submission,/Submitted Replications/450/Replication Task 1/Task1/DACA_Results_Task1.docx,https://osf.io/download/677a981314d32fe364f19dee/,True,0.06,70.0,generic_narrative_pp,"2008-2016. The results are reported in Table 1, which indicates DACA enactment increased full employment of eligible individuals by 6 percentage points (column 1) or 11 percent relative to the control group mean, which is robust to",,,,,
770,2.writeup.pdf,pdf,task1_submission,/Submitted Replications/770/Replication Task 1/scripts/2.writeup.pdf,https://osf.io/download/677b57b9fbcf80041de6d9a1/,True,,,,,,,,,
770,2.writeup.Rmd,rmd,task1_submission,/Submitted Replications/770/Replication Task 1/scripts/2.writeup.Rmd,https://osf.io/download/677b57d122ed57b194f196d8/,True,,,,,,,,,
336,2022_12 Many Economist_Task1_ID_336.docx,docx,task1_submission,/Submitted Replications/336/Replication Task 1/Task 1 ID 336/2022_12 Many Economist_Task1_ID_336.docx,https://osf.io/download/677a7e3c1c9fc26d89697f62/,True,,,,,,,,,
152,Table_1_dnd.txt,txt,task1_submission,/Submitted Replications/152/Replication Task 1/results/Table_1_dnd.txt,https://osf.io/download/677a6302fad816296c82979c/,False,,,,,,,,,
373,Research Task.docx,docx,task1_submission,/Submitted Replications/373/Replication Task 1/Many Economists Project/manyeconomistsprojectresearcheridandreplicationtask/Research Task.docx,https://osf.io/download/677a80ee5a5d58af25f1934c/,True,,,,,,,,,
373,State Level Data Documentation.docx,docx,task1_submission,/Submitted Replications/373/Replication Task 1/Many Economists Project/manyeconomistsprojectresearcheridandreplicationtask/State Level Data Documentation.docx,https://osf.io/download/677a811aa0dbbe60e5828e28/,False,,,,,,,,,
373,Results.docx,docx,task1_submission,/Submitted Replications/373/Replication Task 1/Many Economists Project/manyeconomistsprojectresearcheridandreplicationtask/Results.docx,https://osf.io/download/677a8105a827d00f72e6d87d/,True,0.11,70.0,generic_narrative_pp,"he undocumented immigrants, on the labour force participation. DACA program has increased the labour force participation of immigrants by 11 pp, on average. Table 2 In labour force (1) (2) (3) Treatment x Post-2012 0.101***",,,,,
395,1-myname_code-v1.0.Rmd,rmd,task1_submission,/Submitted Replications/395/Replication Task 1/Deliverables-Step 1/1-code&data/1-myname_code-v1.0.Rmd,https://osf.io/download/677a8837be46b7bafe828c19/,True,,,,,,,,,
395,IPUMS USA_ select cases2.pdf,pdf,task1_submission,/Submitted Replications/395/Replication Task 1/Deliverables-Step 1/2-ipums_data/IPUMS USA_ select cases2.pdf,https://osf.io/download/677a88ad2db18a8d4c698871/,False,,,,,,,,,
208,State Level Data Documentation.docx,docx,task1_submission,/Submitted Replications/208/Replication Task 1/data/input/State Level Data Documentation.docx,https://osf.io/download/677a6c2fca5992739b697d76/,False,,,,,,,,,
109,ACS_codebook.pdf,pdf,task1_submission,/Submitted Replications/109/Replication Task 1/DACA/data_raw/ACS/ACS_codebook.pdf,https://osf.io/download/677a5cf576c6204460116d21/,False,,,,,,,,,
109,Copy of State Level Data Documentation.docx,docx,task1_submission,/Submitted Replications/109/Replication Task 1/DACA/data_raw/stata-level policy/Copy of State Level Data Documentation.docx,https://osf.io/download/677a5d31595beeb346f1a05a/,False,,,,,,,,,
395,pr3.pdf,pdf,task1_submission,/Submitted Replications/395/Replication Task 1/Deliverables-Step 1/0-references/FullTextReading/pr3.pdf,https://osf.io/download/677a86be5a5d58af25f1971a/,True,,,,,,,,,
395,p2.pdf,pdf,task1_submission,/Submitted Replications/395/Replication Task 1/Deliverables-Step 1/0-references/FullTextReading/p2.pdf,https://osf.io/download/677a863590fcd8ddbff1a20e/,True,,,,,,,,,
395,pr10.pdf,pdf,task1_submission,/Submitted Replications/395/Replication Task 1/Deliverables-Step 1/0-references/FullTextReading/pr10.pdf,https://osf.io/download/677a8690b06aaa101a116edf/,True,,,,,,,,,
395,pr7.pdf,pdf,task1_submission,/Submitted Replications/395/Replication Task 1/Deliverables-Step 1/0-references/FullTextReading/pr7.pdf,https://osf.io/download/677a87191c9fc26d8969840e/,True,,,,,,,,,
395,p1.pdf,pdf,task1_submission,/Submitted Replications/395/Replication Task 1/Deliverables-Step 1/0-references/FullTextReading/p1.pdf,https://osf.io/download/677a861d90fcd8ddbff1a20a/,True,,,,,,,,,
395,pr4.pdf,pdf,task1_submission,/Submitted Replications/395/Replication Task 1/Deliverables-Step 1/0-references/FullTextReading/pr4.pdf,https://osf.io/download/677a86d5fe8fb17026116ceb/,True,,,,,,,,,
395,pr9.pdf,pdf,task1_submission,/Submitted Replications/395/Replication Task 1/Deliverables-Step 1/0-references/FullTextReading/pr9.pdf,https://osf.io/download/677a874afe8fb17026116d1e/,True,,,,,,,,,
395,pr2.pdf,pdf,task1_submission,/Submitted Replications/395/Replication Task 1/Deliverables-Step 1/0-references/FullTextReading/pr2.pdf,https://osf.io/download/677a86a78b905474c6f197bf/,True,,,,,,,,,
395,pr1.pdf,pdf,task1_submission,/Submitted Replications/395/Replication Task 1/Deliverables-Step 1/0-references/FullTextReading/pr1.pdf,https://osf.io/download/677a8679a827d00f72e6db31/,True,,,,,,,,,
395,pr8.pdf,pdf,task1_submission,/Submitted Replications/395/Replication Task 1/Deliverables-Step 1/0-references/FullTextReading/pr8.pdf,https://osf.io/download/677a873114d32fe364f194fa/,False,,,,,,,,,
395,p3.pdf,pdf,task1_submission,/Submitted Replications/395/Replication Task 1/Deliverables-Step 1/0-references/FullTextReading/p3.pdf,https://osf.io/download/677a864b90fcd8ddbff1a213/,True,,,,,,,,,
395,pr6.pdf,pdf,task1_submission,/Submitted Replications/395/Replication Task 1/Deliverables-Step 1/0-references/FullTextReading/pr6.pdf,https://osf.io/download/677a8702c0bc13800ae6d8a1/,False,,,,,,,,,
395,p4.pdf,pdf,task1_submission,/Submitted Replications/395/Replication Task 1/Deliverables-Step 1/0-references/FullTextReading/p4.pdf,https://osf.io/download/677a866253f717473f116869/,True,,,,,,,,,
395,pr5.pdf,pdf,task1_submission,/Submitted Replications/395/Replication Task 1/Deliverables-Step 1/0-references/FullTextReading/pr5.pdf,https://osf.io/download/677a86ecc0bc13800ae6d89d/,True,,,,,,,,,
395,p2.pdf,pdf,task1_submission,/Submitted Replications/395/Replication Task 1/Deliverables-Step 1/0-references/1-Googlescholar/p2.pdf,https://osf.io/download/677a849dd1f43d112f829757/,True,,,,,,,,,
395,p4.pdf,pdf,task1_submission,/Submitted Replications/395/Replication Task 1/Deliverables-Step 1/0-references/1-Googlescholar/p4.pdf,https://osf.io/download/677a84cf3b20e103de828c86/,True,,,,,,,,,
395,p3.pdf,pdf,task1_submission,/Submitted Replications/395/Replication Task 1/Deliverables-Step 1/0-references/1-Googlescholar/p3.pdf,https://osf.io/download/677a84b6fe8fb17026116bf1/,True,,,,,,,,,
395,p1.pdf,pdf,task1_submission,/Submitted Replications/395/Replication Task 1/Deliverables-Step 1/0-references/1-Googlescholar/p1.pdf,https://osf.io/download/677a84845a5d58af25f1962f/,True,,,,,,,,,
395,pm1.pdf,pdf,task1_submission,/Submitted Replications/395/Replication Task 1/Deliverables-Step 1/0-references/2-PubMed/pm1.pdf,https://osf.io/download/677a84e55a5d58af25f19667/,True,,,,,,,,,
395,p2.pdf,pdf,task1_submission,/Submitted Replications/395/Replication Task 1/Deliverables-Step 1/0-references/Methods-articles/p2.pdf,https://osf.io/download/677a877b90853f4e9e698499/,True,,,,,,,,,
395,pr2.pdf,pdf,task1_submission,/Submitted Replications/395/Replication Task 1/Deliverables-Step 1/0-references/Methods-articles/pr2.pdf,https://osf.io/download/677a87dd068342f88de6d78a/,True,,,,,,,,,
395,pr4.pdf,pdf,task1_submission,/Submitted Replications/395/Replication Task 1/Deliverables-Step 1/0-references/Methods-articles/pr4.pdf,https://osf.io/download/677a87f5068342f88de6d79b/,True,,,,,,,,,
395,p4.pdf,pdf,task1_submission,/Submitted Replications/395/Replication Task 1/Deliverables-Step 1/0-references/Methods-articles/p4.pdf,https://osf.io/download/677a87ad564994448c116f66/,True,,,,,,,,,
395,pr9.pdf,pdf,task1_submission,/Submitted Replications/395/Replication Task 1/Deliverables-Step 1/0-references/Methods-articles/pr9.pdf,https://osf.io/download/677a88215a5d58af25f197ab/,True,,,,,,,,,
395,pr1.pdf,pdf,task1_submission,/Submitted Replications/395/Replication Task 1/Deliverables-Step 1/0-references/Methods-articles/pr1.pdf,https://osf.io/download/677a87c4c0bc13800ae6d926/,True,,,,,,,,,
395,p1.pdf,pdf,task1_submission,/Submitted Replications/395/Replication Task 1/Deliverables-Step 1/0-references/Methods-articles/p1.pdf,https://osf.io/download/677a8762564994448c116f51/,True,,,,,,,,,
395,pr6.pdf,pdf,task1_submission,/Submitted Replications/395/Replication Task 1/Deliverables-Step 1/0-references/Methods-articles/pr6.pdf,https://osf.io/download/677a880cb06aaa101a116f40/,False,,,,,,,,,
395,p3.pdf,pdf,task1_submission,/Submitted Replications/395/Replication Task 1/Deliverables-Step 1/0-references/Methods-articles/p3.pdf,https://osf.io/download/677a87952db18a8d4c6987f5/,True,,,,,,,,,
395,pr8.pdf,pdf,task1_submission,/Submitted Replications/395/Replication Task 1/Deliverables-Step 1/0-references/3-EBSCO-RoadRunner/pr8.pdf,https://osf.io/download/677a85d7a827d00f72e6db02/,False,,,,,,,,,
395,pr9.pdf,pdf,task1_submission,/Submitted Replications/395/Replication Task 1/Deliverables-Step 1/0-references/3-EBSCO-RoadRunner/pr9.pdf,https://osf.io/download/677a85f0ca5992739b6987b6/,True,,,,,,,,,
395,default.txt,txt,task1_submission,/Submitted Replications/395/Replication Task 1/Deliverables-Step 1/0-references/3-EBSCO-RoadRunner/default.txt,https://osf.io/download/677a84fe1c9fc26d896982f7/,True,0.10099999999999999,70.0,generic_narrative_pp,"al distress. The proportion of sexual minority adults reporting mental distress increased by 10.1 percentage points (95% CI, 1.8 to 18.5 percentage points, permutation-adjusted P value = .046) be",,,,,
395,pr2.pdf,pdf,task1_submission,/Submitted Replications/395/Replication Task 1/Deliverables-Step 1/0-references/3-EBSCO-RoadRunner/pr2.pdf,https://osf.io/download/677a8549c0bc13800ae6d791/,True,,,,,,,,,
395,pr4.pdf,pdf,task1_submission,/Submitted Replications/395/Replication Task 1/Deliverables-Step 1/0-references/3-EBSCO-RoadRunner/pr4.pdf,https://osf.io/download/677a8578a0dbbe60e58292a2/,True,,,,,,,,,
395,pr3.pdf,pdf,task1_submission,/Submitted Replications/395/Replication Task 1/Deliverables-Step 1/0-references/3-EBSCO-RoadRunner/pr3.pdf,https://osf.io/download/677a855f1c9fc26d89698321/,True,,,,,,,,,
395,pr1.pdf,pdf,task1_submission,/Submitted Replications/395/Replication Task 1/Deliverables-Step 1/0-references/3-EBSCO-RoadRunner/pr1.pdf,https://osf.io/download/677a8515ca5992739b698786/,True,,,,,,,,,
395,pr6.pdf,pdf,task1_submission,/Submitted Replications/395/Replication Task 1/Deliverables-Step 1/0-references/3-EBSCO-RoadRunner/pr6.pdf,https://osf.io/download/677a85a7a0dbbe60e58292b5/,False,,,,,,,,,
395,pr5.pdf,pdf,task1_submission,/Submitted Replications/395/Replication Task 1/Deliverables-Step 1/0-references/3-EBSCO-RoadRunner/pr5.pdf,https://osf.io/download/677a858fa0dbbe60e58292b0/,True,,,,,,,,,
395,pr10.pdf,pdf,task1_submission,/Submitted Replications/395/Replication Task 1/Deliverables-Step 1/0-references/3-EBSCO-RoadRunner/pr10.pdf,https://osf.io/download/677a8530a827d00f72e6dad7/,True,,,,,,,,,
395,pr7.pdf,pdf,task1_submission,/Submitted Replications/395/Replication Task 1/Deliverables-Step 1/0-references/3-EBSCO-RoadRunner/pr7.pdf,https://osf.io/download/677a85bf5a5d58af25f196ba/,True,,,,,,,,,
395,RoadRunner-102122.docx,docx,task1_submission,/Submitted Replications/395/Replication Task 1/Deliverables-Step 1/0-references/3-EBSCO-RoadRunner/RoadRunner-102122.docx,https://osf.io/download/677a8607c0bc13800ae6d82c/,False,,,,,,,,,File is not a zip file
