researcher_id,effect_estimate,standard_error,sample_size,treated_group_size,effect_method,se_method,sample_method,treated_method,effect_model_note,sample_model_note,treated_model_note,clear_effect_estimate,clear_standard_error,clear_sample_size,clear_treated_group_size
002,0.0295,0.0092,40511,,manual_subagent_review,manual_subagent_review,manual_subagent_review,,Preferred Post-2012 x DACA-eligible effect; current CSV SE came from the wrong row.,Preferred Post-2012 x DACA-eligible effect; current CSV SE came from the wrong row.,,False,False,False,True
007,0.051,,138477,,manual_subagent_review + human_review,,manual_subagent_review + human_review,,"Round 1 revision explicitly supersedes the initial 0.046 effect; revised preferred effect is 5.1 percentage points.","Round 1 revision retains N = 138,477; no treated count is printed.",,False,True,False,True
015,,,,,,,,,,,,True,True,True,True
020,0.043,0.016,415230,,manual_subagent_review,manual_subagent_review,manual_subagent_review,,"Documents confirm effect 0.043, SE 0.016, and N = 415,230, but do not print a treated count.","Documents confirm effect 0.043, SE 0.016, and N = 415,230, but do not print a treated count.",,False,False,False,True
021,0.033,0.009,9164415,,manual_subagent_review,manual_subagent_review,manual_subagent_review,,Use Post-2012 x DACA-eligible interaction; current row had pre-period coefficient and bogus treated count.,Use Post-2012 x DACA-eligible interaction; current row had pre-period coefficient and bogus treated count.,,False,False,False,True
030,0.017,0.011,114671,,manual_subagent_review,manual_subagent_review,manual_subagent_review,,Preferred Eligible x post effect; clear bogus treated count.,Preferred Eligible x post effect; clear bogus treated count.,,False,False,False,True
040,0.015,0.0073459,93555,49407,manual_subagent_review,manual_subagent_review,manual_subagent_review,manual_subagent_review,DiD with explicit eligible count from the narrative.,DiD with explicit eligible count from the narrative.,DiD with explicit eligible count from the narrative.,False,False,False,False
048,0.0004365,0.0036768,204239,,manual_subagent_review,manual_subagent_review,manual_subagent_review,,"Preferred non-student specification reports DACA coefficient 0.0004365, SE 0.0036768, and 204,239 observations.","Preferred non-student specification reports DACA coefficient 0.0004365, SE 0.0036768, and 204,239 observations.",,False,False,False,True
050,0.023,0.027,8429,,manual_subagent_review,manual_subagent_review,manual_subagent_review,,"Preferred model 3 reports effect 0.023, SE 0.027, and total sample 8,429; treated count not explicitly stated.","Preferred model 3 reports effect 0.023, SE 0.027, and total sample 8,429; treated count not explicitly stated.",,False,False,False,True
052,0.0372,0.0076,96406,48203,manual_subagent_review,manual_subagent_review,manual_subagent_review,manual_subagent_review,Matched-sample DiD; current treated count was a year artifact.,Matched-sample DiD; current treated count was a year artifact.,Matched-sample DiD; current treated count was a year artifact.,False,False,False,False
061,0.052,0.007,255734,,manual_subagent_review,manual_subagent_review,manual_subagent_review,,"Preferred weighted DID interaction is 0.052 with SE 0.007 and N = 255,734; this corrects the automated row that had selected the DACA main-effect coefficient instead.","Preferred weighted DID interaction is 0.052 with SE 0.007 and N = 255,734; this corrects the automated row that had selected the DACA main-effect coefficient instead.",,False,False,False,True
067,0.006,0.006,594170,,manual_subagent_review,manual_subagent_review,manual_subagent_review,,"Documents confirm effect 0.006, SE 0.006, and N = 594,170, but do not print a treated count.","Documents confirm effect 0.006, SE 0.006, and N = 594,170, but do not print a treated count.",,False,False,False,True
069,0.03,,2045,,manual_subagent_review,,manual_subagent_review,,"Narrative confirms effect 0.03 and N = 2,045, but no direct SE or treated count is reported.","Narrative confirms effect 0.03 and N = 2,045, but no direct SE or treated count is reported.",,False,True,False,True
070,-0.025,0.004,829918,,manual_subagent_review,manual_subagent_review,manual_subagent_review,,Preferred bare-bones column; clear unsupported treated count.,Preferred bare-bones column; clear unsupported treated count.,,False,False,False,True
076,0.0186,0.0096,35144,,manual_subagent_review,manual_subagent_review,manual_subagent_review,,"Full-sample treated total exceeds the retained regression sample, so treated count must stay blank.","Full-sample treated total exceeds the retained regression sample, so treated count must stay blank.",,False,False,False,True
081,0.06,,,,manual_subagent_review,,,,"Narrative reports DACA increased full-time work probability by around 6 percentage points in 2013, but no numeric SE, sample size, or treated count is printed.",,,False,True,True,True
082,0.028,0.016,31878,,manual_subagent_review,manual_subagent_review,manual_subagent_review,,Clear treated count parsed from the -0.031 coefficient.,Clear treated count parsed from the -0.031 coefficient.,,False,False,False,True
083,0.013,0.008,140134,,manual_subagent_review,manual_subagent_review,manual_subagent_review,,Preferred Column 6 confirmed; clear unsupported treated count.,Preferred Column 6 confirmed; clear unsupported treated count.,,False,False,False,True
085,0.027,0.009,74417,,manual_subagent_review,manual_subagent_review,manual_subagent_review,,"Preferred specification confirms effect 0.027, SE 0.009, and 74,417 observations, but no treated count is printed.","Preferred specification confirms effect 0.027, SE 0.009, and 74,417 observations, but no treated count is printed.",,False,False,False,True
089,0.0121,0.0062,635720,,manual_subagent_review,manual_subagent_review,manual_subagent_review,,Use weighted preferred column instead of the unweighted row currently in the CSV.,Use weighted preferred column instead of the unweighted row currently in the CSV.,,False,False,False,True
092,-0.023,0.004,979399,,manual_subagent_review,manual_subagent_review,manual_subagent_review,,"Use the controls DID interaction, not the DACA-eligible main effect.","Use the controls DID interaction, not the DACA-eligible main effect.",,False,False,False,True
094,0.0206071,0.0051377,179189,,manual_subagent_review,manual_subagent_review,manual_subagent_review,,"Regression output reports DACAMightApply coefficient 0.0206071, SE 0.0051377, and 179,189 observations.","Regression output reports DACAMightApply coefficient 0.0206071, SE 0.0051377, and 179,189 observations.",,False,False,False,True
105,0.034,0.003,139544,,manual_subagent_review,manual_subagent_review,manual_subagent_review,,Effect/SE/sample confirmed; treated count was a coefficient artifact.,Effect/SE/sample confirmed; treated count was a coefficient artifact.,,False,False,False,True
106,0.0399,0.0085,51754,,manual_subagent_review,manual_subagent_review,manual_subagent_review,,Preferred Sample 1 specification; current treated count was a coefficient artifact.,Preferred Sample 1 specification; current treated count was a coefficient artifact.,,False,False,False,True
107,0.001,0.006,130240,,manual_subagent_review,manual_subagent_review,manual_subagent_review,,Effect/SE/sample confirmed; no defensible treated count in the document.,Effect/SE/sample confirmed; no defensible treated count in the document.,,False,False,False,True
108,0.0902,0.0435,39244,,manual_subagent_review,manual_subagent_review,manual_subagent_review,,"Documents confirm ATT 0.0902, SE 0.0435, and N = 39,244, but do not print a treated count.","Documents confirm ATT 0.0902, SE 0.0435, and N = 39,244, but do not print a treated count.",,False,False,False,True
109,0.0371,0.0096,68522,,manual_subagent_review,manual_subagent_review,manual_subagent_review,,Panel A preferred result; clear bogus treated count.,Panel A preferred result; clear bogus treated count.,,False,False,False,True
115,0.0283,,,,manual_subagent_review,,,,"Preferred estimate is 2.83 percentage points; SE is described as state-clustered but not numerically reported, and no sample or treated counts are printed.",,,False,True,True,True
127,0.06,0.012,44503,,manual_subagent_review,manual_subagent_review,manual_subagent_review,,"Use preferred Panel B, column 2 estimate.","Use preferred Panel B, column 2 estimate.",,False,False,False,True
131,0.012,0.006,245635,,manual_subagent_review,manual_subagent_review,manual_subagent_review,,Researcher states DiD Column 1 is preferred; current row used the RD estimate.,Researcher states DiD Column 1 is preferred; current row used the RD estimate.,,False,False,False,True
135,0.0399,0.00512,263963,54865,manual_subagent_review,manual_subagent_review,manual_subagent_review,manual_subagent_review,Use chosen Column 6 specification with explicit eligible count.,Use chosen Column 6 specification with explicit eligible count.,Use chosen Column 6 specification with explicit eligible count.,False,False,False,False
136,-0.028,0.002,515149,,manual_subagent_review,manual_subagent_review,manual_subagent_review,,Narrative SE is 0.002; current treated count was a coefficient artifact.,Narrative SE is 0.002; current treated count was a coefficient artifact.,,False,False,False,True
139,-0.016,0.022,287021,5007,manual_subagent_review,manual_subagent_review,manual_subagent_review,manual_subagent_review,"Most controlled LPM specification confirmed from Table 2.","Table 1 reports total N = 287,021 and DACA-eligible observations = 5,007.","Table 1 reports DACA-eligible observations = 5,007.",False,False,False,False
144,0.067,0.011,356787,,manual_subagent_review,manual_subagent_review,manual_subagent_review,,"Preferred column 5 confirms effect 0.067, SE 0.011, and 356,787 observations, but no treated count is printed.","Preferred column 5 confirms effect 0.067, SE 0.011, and 356,787 observations, but no treated count is printed.",,False,False,False,True
145,0.0359,,891549,77186,manual_subagent_review,,manual_subagent_review,manual_subagent_review,"ATT and treated N are explicit; no direct SE is printed, and sample is inferred by summing treated and primary control counts.","ATT and treated N are explicit; no direct SE is printed, and sample is inferred by summing treated and primary control counts.","ATT and treated N are explicit; no direct SE is printed, and sample is inferred by summing treated and primary control counts.",False,True,False,False
152,0.00505,0.00749,205147,,manual_subagent_review,manual_subagent_review,manual_subagent_review,,"Documents confirm effect 0.00505, SE 0.00749, and N = 205,147, but do not print a treated count.","Documents confirm effect 0.00505, SE 0.00749, and N = 205,147, but do not print a treated count.",,False,False,False,True
158,0.0283,0.0067,292492,,manual_subagent_review,manual_subagent_review,manual_subagent_review,,Use the primary non-citizen aged 16-35 model rather than the broader sample.,Use the primary non-citizen aged 16-35 model rather than the broader sample.,,False,False,False,True
162,0.0099,0.0199,15782,,manual_subagent_review,manual_subagent_review,manual_subagent_review,,"Use the preferred marginal effect, not the negative interaction term.","Use the preferred marginal effect, not the negative interaction term.",,False,False,False,True
169,0.0174,0.00925,25679,,manual_subagent_review,manual_subagent_review,manual_subagent_review,,"Preferred column 5 confirms effect 0.0174, SE 0.00925, and N = 25,679, but no treated count is printed.","Preferred column 5 confirms effect 0.0174, SE 0.00925, and N = 25,679, but no treated count is printed.",,False,False,False,True
176,-0.202,0.0228,284230,,manual_subagent_review,manual_subagent_review,manual_subagent_review,,"Round-1 and task-submission documents conflict, but the task submission baseline explicitly reports eligible*after = -0.202 with SE 0.0228 and N = 284,230; bogus treated count cleared.","Round-1 and task-submission documents conflict, but the task submission baseline explicitly reports eligible*after = -0.202 with SE 0.0228 and N = 284,230; bogus treated count cleared.",,False,False,False,True
178,0.11,0.01,123061,,manual_subagent_review,manual_subagent_review,manual_subagent_review,,Preferred column 1 with the closely ineligible control group.,Preferred column 1 with the closely ineligible control group.,,False,False,False,True
193,0.0106,0.0061,118438,,manual_subagent_review,manual_subagent_review,manual_subagent_review,,"Preferred specification confirms effect 0.0106, SE 0.0061, and N = 118,438, but no treated count is printed.","Preferred specification confirms effect 0.0106, SE 0.0061, and N = 118,438, but no treated count is printed.",,False,False,False,True
194,0.014,0.005,237258,118629,manual_subagent_review,manual_subagent_review,manual_subagent_review,manual_subagent_review,Model 6 preferred result with explicit treated and control counts.,Model 6 preferred result with explicit treated and control counts.,Model 6 preferred result with explicit treated and control counts.,False,False,False,False
204,-0.007116,0.005913,32606,26401,manual_subagent_review,manual_subagent_review,manual_subagent_review,manual_subagent_review,"Document reports treated-group counts by year, 13,289 in 2011 and 13,112 in 2013; summed treated count 26,401 added to the existing ATT, SE, and sample.","Document reports treated-group counts by year, 13,289 in 2011 and 13,112 in 2013; summed treated count 26,401 added to the existing ATT, SE, and sample.","Document reports treated-group counts by year, 13,289 in 2011 and 13,112 in 2013; summed treated count 26,401 added to the existing ATT, SE, and sample.",False,False,False,False
208,0.027,,,,manual_subagent_review,,,,Narrative gives a 2.7 pp effect and CI but no direct SE or sample metrics; clear the impossible SE.,,,False,True,True,True
209,0.03,0.011,49305,,manual_subagent_review,manual_subagent_review,manual_subagent_review,,Preferred specification confirmed; clear unsupported treated count.,Preferred specification confirmed; clear unsupported treated count.,,False,False,False,True
211,0.023,0.003,48956,,manual_subagent_review,manual_subagent_review,manual_subagent_review,,Column 7 is explicitly preferred; no treated count printed.,Column 7 is explicitly preferred; no treated count printed.,,False,False,False,True
212,0.03199,0.00892,141571,,manual_subagent_review,manual_subagent_review,manual_subagent_review,,"Preferred weighted Column 3 interaction is 3.199 percentage points with SE 0.892 percentage points.","Preferred weighted Column 3 interaction uses N = 141,571.",,False,False,False,True
213,0.045,,,,manual_subagent_review,,,,"Narrative reports a 4.5 percentage point increase in full-time employment, but no numeric SE, sample size, or treated count is printed in the bundle.",,,False,True,True,True
224,0.003,0.001,685269,,manual_subagent_review,manual_subagent_review,manual_subagent_review,,Current row was on the schooling outcome; Task 1 full-time-employment effect is 0.003.,Current row was on the schooling outcome; Task 1 full-time-employment effect is 0.003.,,False,False,False,True
239,0.0122,0.00451,1855712,,manual_subagent_review,manual_subagent_review,manual_subagent_review,,"Use the explicitly preferred third column, not the first-column effect in the current row.","Use the explicitly preferred third column, not the first-column effect in the current row.",,False,False,False,True
250,0.051,0.008,114005,,manual_subagent_review,manual_subagent_review,manual_subagent_review,,"Regression table reports post_treat = 0.051 with SE 0.008.","Regression table reports N = 114,005 for the preferred specification.",,False,False,False,True
258,,,,,,,,,,,,True,True,True,True
274,0.055,0.014,51773,,manual_subagent_review,manual_subagent_review,manual_subagent_review,,"Preferred AL RD estimate is 0.055 with SE 0.014 and effective N = 51,773; treated count not printed.","Preferred AL RD estimate is 0.055 with SE 0.014 and effective N = 51,773; treated count not printed.",,False,False,False,True
279,0.026,0.006,470637,69922,manual_subagent_review,manual_subagent_review,manual_subagent_review,manual_subagent_review,"Automated extraction had picked a pre-DACA employment rate instead of the interaction coefficient. Manual review shows model 4 effect 0.026, SE 0.006, total N = 470,637, and eligible count = 69,922.","Automated extraction had picked a pre-DACA employment rate instead of the interaction coefficient. Manual review shows model 4 effect 0.026, SE 0.006, total N = 470,637, and eligible count = 69,922.","Automated extraction had picked a pre-DACA employment rate instead of the interaction coefficient. Manual review shows model 4 effect 0.026, SE 0.006, total N = 470,637, and eligible count = 69,922.",False,False,False,False
289,-0.004,0.019,61225,,manual_subagent_review,manual_subagent_review,manual_subagent_review,,"DDD estimate confirms effect -0.004, SE 0.019, and N = 61,225, but no treated count is printed.","DDD estimate confirms effect -0.004, SE 0.019, and N = 61,225, but no treated count is printed.",,False,False,False,True
293,0.009,0.024,62631,,manual_subagent_review,manual_subagent_review,manual_subagent_review,,Preferred Panel B high-school-diploma specification.,Preferred Panel B high-school-diploma specification.,,False,False,False,True
295,0.0373,0.00595,158152,,manual_subagent_review,manual_subagent_review,manual_subagent_review,,Use the researcher’s stated main 5-year specification (column 3).,Use the researcher’s stated main 5-year specification (column 3).,,False,False,False,True
308,0.1074,,12609847,,manual_subagent_review,,manual_subagent_review,,"Use the probability-scale margins difference from the task submission (0.5654 - 0.4580 = 0.1074), not the raw logit coefficient; no direct SE for the difference is printed, and the margins table carries an inconsistent older N.","Use the probability-scale margins difference from the task submission (0.5654 - 0.4580 = 0.1074), not the raw logit coefficient; no direct SE for the difference is printed, and the margins table carries an inconsistent older N.",,False,True,False,True
312,0.057,0.021,9711,,manual_subagent_review,manual_subagent_review,manual_subagent_review,,Researcher prefers Column 2 with the narrower window.,Researcher prefers Column 2 with the narrower window.,,False,False,False,True
31261,0.018,0.004,403130,,manual_subagent_review,manual_subagent_review,manual_subagent_review,,Preferred Column 3 with state-by-year trends; current treated count was a year artifact.,Preferred Column 3 with state-by-year trends; current treated count was a year artifact.,,False,False,False,True
322,0.006,0.006,141847,,manual_subagent_review,manual_subagent_review,manual_subagent_review,,Fix the erroneous 90.0 SE and retain the DID-LPM values.,Fix the erroneous 90.0 SE and retain the DID-LPM values.,,False,False,False,True
326,0.009,0.0033,991261,,manual_subagent_review,manual_subagent_review,manual_subagent_review,,"Narrative emphasizes the controlled model, not the uncontrolled 0.058 estimate.","Narrative emphasizes the controlled model, not the uncontrolled 0.058 estimate.",,False,False,False,True
333,,,,,,,,,,,,True,True,True,True
336,0.136,0.01,361634,,manual_subagent_review,manual_subagent_review,manual_subagent_review,,"Effect is the stated 13.6% increase; current treated count was the odds-ratio figure, not a count.","Effect is the stated 13.6% increase; current treated count was the odds-ratio figure, not a count.",,False,False,False,True
349,0.05,0.007,155898,,manual_subagent_review,manual_subagent_review,manual_subagent_review,,Use preferred column 4 instead of the first reported column.,Use preferred column 4 instead of the first reported column.,,False,False,False,True
363,0.021,0.005,446588,,manual_subagent_review,manual_subagent_review,manual_subagent_review,,Clear treated count parsed from a coefficient.,Clear treated count parsed from a coefficient.,,False,False,False,True
373,0.026,0.003,16695554,,manual_subagent_review,manual_subagent_review,manual_subagent_review,,"Use Treatment x Post-2012 in Column 3, not the Treatment main effect.","Use Treatment x Post-2012 in Column 3, not the Treatment main effect.",,False,False,False,True
386,0.051,0.02,,,manual_subagent_review,manual_subagent_review,,,Reduced-model table reports ATET 0.051 with SE 0.020; no sample size or treated count is printed.,,,False,False,True,True
387,0.059,0.004,338618,,manual_subagent_review,manual_subagent_review,manual_subagent_review,,"Effect is the Treatment*After interaction, not the Treatment main effect.","Effect is the Treatment*After interaction, not the Treatment main effect.",,False,False,False,True
395,,,,,,,,,,,,True,True,True,True
405,0.0199,0.00377,435544,,manual_subagent_review,manual_subagent_review,manual_subagent_review,,SE computed from the reported t-statistic; no treated count is printed.,SE computed from the reported t-statistic; no treated count is printed.,,False,False,False,True
417,0.1156,0.0252,,,manual_subagent_review,manual_subagent_review,,,"Manual review confirms the reported effect and SE, but does not surface a directly printed treated count.",,,False,False,True,True
432,0.021,0.01,268452,,manual_subagent_review,manual_subagent_review,manual_subagent_review,,"Round 1 Revisions explicitly supersede the original and prefer the ages-18+ Model 2 specification with effect 0.021 and SE 0.01.","Round 1 Revisions ages-18+ Model 2 specification uses N = 268,452.",,False,False,False,True
434,0.051,0.021,13818,,manual_subagent_review,manual_subagent_review,manual_subagent_review,,"Preferred column 4 reports effect 0.051, SE 0.021, and 13,818 observations; treated count not explicitly stated.","Preferred column 4 reports effect 0.051, SE 0.021, and 13,818 observations; treated count not explicitly stated.",,False,False,False,True
446,,,,,,,,,,,,True,True,True,True
450,0.066,0.006,485979,,manual_subagent_review,manual_subagent_review,manual_subagent_review,,"Preferred column 1 effect is 0.066, not the rounded 0.060 narrative value.","Preferred column 1 effect is 0.066, not the rounded 0.060 narrative value.",,False,False,False,True
488,0.053,0.003,6606,,manual_subagent_review,manual_subagent_review,manual_subagent_review,,"Round 1 revised PDF keeps Approach 1 effect 0.053 with SE 0.003.","Round 1 revised PDF reports N = 6,606 for Approach 1 main regression.",,False,False,False,True
494,0.0145,0.0042,194349,,manual_subagent_review,manual_subagent_review,manual_subagent_review,,Preferred model 6 uses SE 0.0042 and no treated count.,Preferred model 6 uses SE 0.0042 and no treated count.,,False,False,False,True
497,0.038,0.015,22378,,manual_subagent_review,manual_subagent_review,manual_subagent_review,,"Round 1 revision explicitly supersedes the original while keeping the preferred column 3 effect 0.038 and SE 0.015.","Round 1 revision restricts the sample to hispan == 1, giving N = 22,378.",,False,False,False,True
509,-0.034,0.027,,,manual_subagent_review,manual_subagent_review,,,Log-odds coefficient and SE are reported; no sample or treated count is printed.,,,False,False,True,True
515,0.0222,0.00286,615747,,manual_subagent_review,manual_subagent_review,manual_subagent_review,,"Preferred column 3 SE is 0.00286, not the 0.00628 from column 1.","Preferred column 3 SE is 0.00286, not the 0.00628 from column 1.",,False,False,False,True
529,-0.0014,0.0135,,,manual_subagent_review,manual_subagent_review,,,Preferred precision-weighted mean ATE is -0.0014 with SE 0.0135; no sample or treated count is printed.,,,False,False,True,True
532,0.0153,0.0061,136522,,manual_subagent_review,manual_subagent_review,manual_subagent_review,,Effect/SE/N confirmed; treated count not reported.,Effect/SE/N confirmed; treated count not reported.,,False,False,False,True
537,0.171,,276102,,manual_subagent_review,,manual_subagent_review,,"Document reports ATT 0.171 and n = 276,102, but labels the dispersion value as SD rather than a standard error, so no benchmark SE override was taken.","Document reports ATT 0.171 and n = 276,102, but labels the dispersion value as SD rather than a standard error, so no benchmark SE override was taken.",,False,True,False,True
539,0.015,0.005,268238,,manual_subagent_review,manual_subagent_review,manual_subagent_review,,Text states the preferred effect is 1.5 percentage points; current row was on column 1.,Text states the preferred effect is 1.5 percentage points; current row was on column 1.,,False,False,False,True
546,0.054,0.0782,13036,,manual_subagent_review,manual_subagent_review,manual_subagent_review,,"Triple-interaction table reports effect 0.0540, SE 0.0782, and 13,036 observations; treated count not printed.","Triple-interaction table reports effect 0.0540, SE 0.0782, and 13,036 observations; treated count not printed.",,False,False,False,True
548,0.041,0.009,120931,,manual_subagent_review,manual_subagent_review,manual_subagent_review,,Main row A full-sample result confirmed; sample and treated fields in current row are wrong.,Main row A full-sample result confirmed; sample and treated fields in current row are wrong.,,False,False,False,True
558,,,,,,,,,,,,True,True,True,True
559,0.184,0.006,898879,,manual_subagent_review,manual_subagent_review,manual_subagent_review,,"Table reports Treatment x Post-2012 coefficient 0.184, SE 0.006, and N = 898,879; treated count not printed.","Table reports Treatment x Post-2012 coefficient 0.184, SE 0.006, and N = 898,879; treated count not printed.",,False,False,False,True
562,0.004,0.008,,,manual_subagent_review,manual_subagent_review,,,"Narrative confirms effect 0.004 and clustered SE 0.008, but no sample size or treated count is printed.",,,False,False,True,True
563,0.0321,0.00485,248011,,manual_subagent_review,manual_subagent_review,manual_subagent_review,,"Documents confirm effect 0.0321, SE 0.00485, and N = 248,011, but no treated count is printed.","Documents confirm effect 0.0321, SE 0.00485, and N = 248,011, but no treated count is printed.",,False,False,False,True
567,-0.0141,0.00278,540841,,manual_subagent_review,manual_subagent_review,manual_subagent_review,,"Preferred column 3 confirms effect -0.0141, SE 0.00278, and N = 540,841, but no treated count is printed.","Preferred column 3 confirms effect -0.0141, SE 0.00278, and N = 540,841, but no treated count is printed.",,False,False,False,True
576,0.028,0.005,191303,,manual_subagent_review,manual_subagent_review,manual_subagent_review,,Current treated count was the policy year; no treated count is reported.,Current treated count was the policy year; no treated count is reported.,,False,False,False,True
579,0.058,0.013,116076,,manual_subagent_review,manual_subagent_review,manual_subagent_review,,Preferred Column 6 in Panel A; current treated count was a year artifact.,Preferred Column 6 in Panel A; current treated count was a year artifact.,,False,False,False,True
582,0.0755,0.0095,132637,111207,manual_subagent_review,manual_subagent_review,manual_subagent_review,manual_subagent_review,"Automated extraction had used the standalone DACA coefficient instead of the DACA x Post interaction. Manual review shows the effect is 0.0755 with SE 0.0095, N = 132,637, and treated count = 111,207.","Automated extraction had used the standalone DACA coefficient instead of the DACA x Post interaction. Manual review shows the effect is 0.0755 with SE 0.0095, N = 132,637, and treated count = 111,207.","Automated extraction had used the standalone DACA coefficient instead of the DACA x Post interaction. Manual review shows the effect is 0.0755 with SE 0.0095, N = 132,637, and treated count = 111,207.",False,False,False,False
591,0.05,,1772260,,manual_subagent_review,,manual_subagent_review,,"Preferred DDD estimate is around 0.05 with N = 1,772,260, but the documents do not print a numeric standard error or treated count.","Preferred DDD estimate is around 0.05 with N = 1,772,260, but the documents do not print a numeric standard error or treated count.",,False,True,False,True
598,0.045,0.005,,,manual_subagent_review,manual_subagent_review,,,"Narrative confirms effect 0.045 and SE 0.005, but the documents do not print sample size or treated count.",,,False,False,True,True
608,0.003,0.007,,,manual_subagent_review,manual_subagent_review,,,"Narrative confirms effect 0.003 and SE 0.007, but the documents do not print sample size or treated count.",,,False,False,True,True
609,0.032,0.001,94980,,manual_subagent_review,manual_subagent_review,manual_subagent_review,,"Preferred model 1 confirms effect 0.032, SE 0.001, and N = 94,980, but no treated count is printed.","Preferred model 1 confirms effect 0.032, SE 0.001, and N = 94,980, but no treated count is printed.",,False,False,False,True
616,0.016,0.0104,206266,,manual_subagent_review,manual_subagent_review,manual_subagent_review,,Use the preferred variance-weighted RD estimator and clear the bogus treated count.,Use the preferred variance-weighted RD estimator and clear the bogus treated count.,,False,False,False,True
619,-0.0303,0.0025,914908,,manual_subagent_review,manual_subagent_review,manual_subagent_review,,"Table reports Eligible coefficient -0.0303 with SE 0.0025 and N 914,908; no treated-group count stated.","Table reports Eligible coefficient -0.0303 with SE 0.0025 and N 914,908; no treated-group count stated.",,False,False,False,True
625,0.04,0.005,76862,,manual_subagent_review,manual_subagent_review,manual_subagent_review,,Preferred column 3 with year/state FE.,Preferred column 3 with year/state FE.,,False,False,False,True
642,0.2956382,0.0161605,246800,,manual_subagent_review,manual_subagent_review,manual_subagent_review,,"Final submitted logistic model reports daca_eligible coefficient 0.2956382, SE 0.0161605, and 246,800 observations.","Final submitted logistic model reports daca_eligible coefficient 0.2956382, SE 0.0161605, and 246,800 observations.",,False,False,False,True
649,0.11,0.024,81155,,manual_subagent_review,manual_subagent_review,manual_subagent_review,,"Documents report marginal effect 0.11 with SE 0.024 and N = 81,155; this corrects the raw interaction coefficient value 0.45 in the automated row.","Documents report marginal effect 0.11 with SE 0.024 and N = 81,155; this corrects the raw interaction coefficient value 0.45 in the automated row.",,False,False,False,True
665,0.0166,0.00622,127504,,manual_subagent_review,manual_subagent_review,manual_subagent_review,,Numeric values are correct; clear unsupported treated count.,Numeric values are correct; clear unsupported treated count.,,False,False,False,True
681,0.046,0.0078,,,manual_subagent_review,manual_subagent_review,,,"Documents confirm effect 0.046 with bootstrap SE 0.0078, but do not print sample size or treated count.",,,False,False,True,True
702,0.0098,0.0031,646458,,manual_subagent_review,manual_subagent_review,manual_subagent_review,,Preferred specification 3 confirmed; no treated count printed.,Preferred specification 3 confirmed; no treated count printed.,,False,False,False,True
708,0.00438,0.0134,1153535,,manual_subagent_review,manual_subagent_review,manual_subagent_review,,"Main specification column 1 reports effect 0.00438, SE 0.0134, and 1,153,535 observations.","Main specification column 1 reports effect 0.00438, SE 0.0134, and 1,153,535 observations.",,False,False,False,True
718,0.0287,0.0068,47756,,manual_subagent_review,manual_subagent_review,manual_subagent_review,,Preferred OLS estimate confirmed; clear unsupported treated count.,Preferred OLS estimate confirmed; clear unsupported treated count.,,False,False,False,True
728,0.2185328,0.0028346,887651,,manual_subagent_review,manual_subagent_review,manual_subagent_review,,Restore full precision and the documented SE.,Restore full precision and the documented SE.,,False,False,False,True
732,0.035,0.006,299359,38368,manual_subagent_review,manual_subagent_review,manual_subagent_review,manual_subagent_review,Preferred Table 2 with controls; current row used the wrong table and much smaller sample.,Preferred Table 2 with controls; current row used the wrong table and much smaller sample.,Preferred Table 2 with controls; current row used the wrong table and much smaller sample.,False,False,False,False
737,0.0286,0.0039,419690,,manual_subagent_review,manual_subagent_review,manual_subagent_review,,"Use the researcher’s stated full-period preferred result, not the rejected short-period model.","Use the researcher’s stated full-period preferred result, not the rejected short-period model.",,False,False,False,True
748,0.035,0.003,274534,,manual_subagent_review,manual_subagent_review,manual_subagent_review,,Preferred column 7 effect confirmed; SE should be 0.003 rather than 0.0.,Preferred column 7 effect confirmed; SE should be 0.003 rather than 0.0.,,False,False,False,True
756,0.0118,0.00504,61600,,manual_subagent_review,manual_subagent_review,manual_subagent_review,,"Documents confirm effect 0.0118, SE 0.00504, and N = 61,600, but no treated count is printed.","Documents confirm effect 0.0118, SE 0.00504, and N = 61,600, but no treated count is printed.",,False,False,False,True
761,0.0173,0.0044,263527,,manual_subagent_review,manual_subagent_review,manual_subagent_review,,Effect/SE/N confirmed; clear unsupported treated count.,Effect/SE/N confirmed; clear unsupported treated count.,,False,False,False,True
763,0.0163,0.0015,624211,,manual_subagent_review,manual_subagent_review,manual_subagent_review,,Current treated count was a coefficient artifact; no count is printed.,Current treated count was a coefficient artifact; no count is printed.,,False,False,False,True
770,0.018,0.006,13762,,manual_subagent_review,manual_subagent_review,manual_subagent_review,,Researcher explicitly chose column 3 as the preferred specification.,Researcher explicitly chose column 3 as the preferred specification.,,False,False,False,True
775,0.010,0.014,,,manual_subagent_review,manual_subagent_review,,,"Round 3 explicitly supersedes earlier rounds with the corrected post x elig unemployment coefficient 0.010 and SE 0.014.",,,False,False,True,True
782,0.1,0.003,10973,,manual_subagent_review,manual_subagent_review,manual_subagent_review,,Preferred model confirmed; clear parser-artifact treated count.,Preferred model confirmed; clear parser-artifact treated count.,,False,False,False,True
784,0.012,0.006,139372,,manual_subagent_review,manual_subagent_review,manual_subagent_review,,Preferred column 4 (non-citizen sample) rather than column 1.,Preferred column 4 (non-citizen sample) rather than column 1.,,False,False,False,True
786,-0.004,0.005,3600784,,manual_subagent_review,manual_subagent_review,manual_subagent_review,,"Document confirms effect -0.004, SE 0.005, and N = 3,600,784, but no treated count is printed.","Document confirms effect -0.004, SE 0.005, and N = 3,600,784, but no treated count is printed.",,False,False,False,True
788,0.0628,0.0188,,,manual_subagent_review,manual_subagent_review,,,"Retain effect and SE, but clear the unsupported sample count.",,,False,False,True,True
79432,0.012,0.006,291601,,manual_subagent_review,manual_subagent_review,manual_subagent_review,,"Preferred Model 1 SE is 0.006, not 0.007.","Preferred Model 1 SE is 0.006, not 0.007.",,False,False,False,True
795,0.048,0.011,75698,,manual_subagent_review,manual_subagent_review,manual_subagent_review,,Preferred column 1 confirmed; clear unsupported treated count.,Preferred column 1 confirmed; clear unsupported treated count.,,False,False,False,True
807,0.033,0.00034,29536580,,manual_subagent_review,manual_subagent_review,manual_subagent_review,,Current row used the wrong quantity entirely; use the interaction coefficient from Model 2 and clear unsupported treated count.,Current row used the wrong quantity entirely; use the interaction coefficient from Model 2 and clear unsupported treated count.,,False,False,False,True
813,0.0287,0.016,158152,,manual_subagent_review,manual_subagent_review,manual_subagent_review,,Effect/SE/N confirmed; current treated count was the policy year.,Effect/SE/N confirmed; current treated count was the policy year.,,False,False,False,True
815,0.026,0.010,306659,,manual_subagent_review,manual_subagent_review,manual_subagent_review,,"Round 1 Revisions explicitly correct a DACA_age_requirement coding error; revised preferred effect is 0.026 with SE 0.010.","Round 1 Revisions report N = 306,659 for the corrected preferred specification.",,False,False,False,True
816,0.071,0.004,8212016,,manual_subagent_review,manual_subagent_review,manual_subagent_review,,"Preferred column 4 confirms effect 0.071, SE 0.004, and N = 8,212,016, but no treated count is printed.","Preferred column 4 confirms effect 0.071, SE 0.004, and N = 8,212,016, but no treated count is printed.",,False,False,False,True
821,0.023,0.003,1582703,149502,manual_subagent_review,manual_subagent_review,manual_subagent_review,manual_subagent_review,Explicit eligible count reported; current SE should be rounded to the table value 0.003.,Explicit eligible count reported; current SE should be rounded to the table value 0.003.,Explicit eligible count reported; current SE should be rounded to the table value 0.003.,False,False,False,False
824,0.122,0.00427,202451,,manual_subagent_review,manual_subagent_review,manual_subagent_review,,Preferred column 3 confirmed; clear unsupported treated count.,Preferred column 3 confirmed; clear unsupported treated count.,,False,False,False,True
825,0.0578,0.0134,25488,,manual_subagent_review,manual_subagent_review,manual_subagent_review,,"Round 2 explicitly identifies column 3 as the preferred specification, superseding Round 1.","Round 2 preferred column 3 reports N = 25,488.",,False,False,False,True
832,0.0554,0.0049,277277,,manual_subagent_review,manual_subagent_review,manual_subagent_review,,Use the precise table value 0.0554 from the preferred column 2.,Use the precise table value 0.0554 from the preferred column 2.,,False,False,False,True
834,0.027195,0.0109929,2924560,,manual_subagent_review,manual_subagent_review,manual_subagent_review,,Correct the sample size to the researcher’s chosen Model 2A.,Correct the sample size to the researcher’s chosen Model 2A.,,False,False,False,True
842,-0.049,0.004,,,manual_subagent_review,manual_subagent_review,,,ATT row confirmed; clear unsupported sample and treated fields.,,,False,False,True,True
856,0.0376,,,,manual_subagent_review,,,,"Only the effect and bootstrap CI are reported; clear unsupported SE, sample, and treated fields.",,,False,True,True,True
861,0.013,0.005,808057,,manual_subagent_review,manual_subagent_review,manual_subagent_review,,"Column 2 SE is 0.005, not 0.004.","Column 2 SE is 0.005, not 0.004.",,False,False,False,True
871,0.0446,0.0156,13389,,manual_subagent_review,manual_subagent_review,manual_subagent_review,,"Preferred linear RDD confirms effect 0.0446, SE 0.0156, and N = 13,389, but no treated count is printed.","Preferred linear RDD confirms effect 0.0446, SE 0.0156, and N = 13,389, but no treated count is printed.",,False,False,False,True
872,0.03,0.007,143738,,manual_subagent_review,manual_subagent_review,manual_subagent_review,,Main Table 2 column 1 specification; fix implausible SE.,Main Table 2 column 1 specification; fix implausible SE.,,False,False,False,True
881,0.03,0.009,277264,,manual_subagent_review,manual_subagent_review,manual_subagent_review,,Preferred column 4 with all controls; no treated count documented.,Preferred column 4 with all controls; no treated count documented.,,False,False,False,True
883,,,681,,,,manual_subagent_review,,,Submission reports multiple subgroup-specific effects and SEs but no single primary task-1 treatment effect; subgroup misparse cleared while keeping the restricted sample size.,,True,True,False,True
888,0.011,,,,manual_subagent_review,,,,"Use the average 1.1% narrative effect, not the 2014-specific 2% figure.",,,False,True,True,True
89490,0.0171,0.009,13377,,manual_subagent_review,manual_subagent_review,manual_subagent_review,,"Document confirms effect 0.0171, SE 0.009, and N = 13,377, but no treated count is printed.","Document confirms effect 0.0171, SE 0.009, and N = 13,377, but no treated count is printed.",,False,False,False,True
907,0.0235,0.0276,8268,,manual_subagent_review,manual_subagent_review,manual_subagent_review,,Preferred column 1 confirmed; clear unsupported treated count.,Preferred column 1 confirmed; clear unsupported treated count.,,False,False,False,True
91324,0.016,0.008,79172,,manual_subagent_review,manual_subagent_review,manual_subagent_review,,Effect/SE/N confirmed; clear unsupported treated count.,Effect/SE/N confirmed; clear unsupported treated count.,,False,False,False,True
914,0.055,0.004,205098,90890,manual_subagent_review,manual_subagent_review,manual_subagent_review,manual_subagent_review,"Regression table reports FE coefficient 0.055; the narrative rounds this to 5.45 percentage points.","Data summary table reports total N = 205,098 and DACA Eligible N = 90,890.","Data summary table reports DACA Eligible N = 90,890.",False,False,False,False
919,0.037,0.015,17759,,manual_subagent_review,manual_subagent_review,manual_subagent_review,,Effect and CI-implied SE confirmed; clear unsupported treated count.,Effect and CI-implied SE confirmed; clear unsupported treated count.,,False,False,False,True
923,0.012,,,,manual_subagent_review,,,,"Narrative gives only the 1.2 pp effect; clear unsupported SE, sample, and treated fields.",,,False,True,True,True
929,0.039,0.005,173803,,manual_subagent_review,manual_subagent_review,manual_subagent_review,,"Preferred column 3 N is 173,803 and no treated count is printed.","Preferred column 3 N is 173,803 and no treated count is printed.",,False,False,False,True
947,0.197,0.34,63494,,manual_subagent_review,manual_subagent_review,manual_subagent_review,,"Probit diff-in-diff interaction term is 0.197 with SE 0.340 and 63,494 observations; treated count not explicitly stated.","Probit diff-in-diff interaction term is 0.197 with SE 0.340 and 63,494 observations; treated count not explicitly stated.",,False,False,False,True
950,0.0356,0.00673,277277,,manual_subagent_review,manual_subagent_review,manual_subagent_review,,Effect/SE/N confirmed; current treated count was an age-range artifact.,Effect/SE/N confirmed; current treated count was an age-range artifact.,,False,False,False,True
961,0.0422,0.0077,214530,,manual_subagent_review,manual_subagent_review,manual_subagent_review,,"Use the ATT marginal effect and its SE from Table 2, not the raw GLM coefficient SE; no explicit treated group size is reported.","Use the ATT marginal effect and its SE from Table 2, not the raw GLM coefficient SE; no explicit treated group size is reported.",,False,False,False,True
972,,,,,,,,,,,,True,True,True,True
98264,0.061913,0.008146,188802,66962,manual_subagent_review,manual_subagent_review,manual_subagent_review,manual_subagent_review,"Restore full precision and the explicit eligible count 66,962.","Restore full precision and the explicit eligible count 66,962.","Restore full precision and the explicit eligible count 66,962.",False,False,False,False
995,0.056,0.004,277277,,manual_subagent_review,manual_subagent_review,manual_subagent_review,,"Use preferred controlled model (column 4), not the simpler comparison.","Use preferred controlled model (column 4), not the simpler comparison.",,False,False,False,True
998,-0.3879678,0.015932,586271,27963,manual_subagent_review,manual_subagent_review,manual_subagent_review,manual_subagent_review,"Results.pdf reports logit coefficient -0.3879678, SE 0.015932, sample 586,271, and treated count 27,963.","Results.pdf reports logit coefficient -0.3879678, SE 0.015932, sample 586,271, and treated count 27,963.","Results.pdf reports logit coefficient -0.3879678, SE 0.015932, sample 586,271, and treated count 27,963.",False,False,False,False
