run_id,formula_parsed_like_phase3,first_rhs_term_dropped_by_phase3,first_rhs_classification,rhs_term_count,raw_control_variables,raw_fixed_effects,treatment_or_post_terms_remaining_in_controls,remaining_treatment_or_post_term_count,cleaned_control_set,cleaned_control_count,peer_count_same_cleaned_set
run_20260503T210619Z_cc5b1c,fulltime ~ post_x_elig + eligible + C(year) + C(statefip) + age + I(age**2) + C(sex),post_x_elig,likely treatment/post,7,eligible | age | I(age**2),C(year) | C(statefip) | C(sex),eligible,1,age | age quadratic | sex FE | state FE | year FE,5,12
run_20260503T212429Z_da86cc,full_time ~ treated_post + treated + post + age + age2 + C(sex) + C(state) + C(yr),treated_post,likely treatment/post,8,treated | post | age | age2,C(sex) | C(state) | C(yr),treated | post,2,age | age quadratic | sex FE | state FE | year FE,5,12
run_20260503T214203Z_f794d5,ft_employed ~ daca_eligible * post + C(year) + C(statefip) + female,daca_eligible * post,likely treatment/post,4,female,C(year) | C(statefip),,0,sex | state FE | year FE,3,1
run_20260503T220322Z_897c82,full_time ~ treated * post + C(year) + C(statefip) + age + I(age**2) + C(sex),treated * post,likely treatment/post,6,age | I(age**2),C(year) | C(statefip) | C(sex),,0,age | age quadratic | sex FE | state FE | year FE,5,12
run_20260503T222955Z_7b1303,full_time ~ eligible_post + eligible + post + age_f + age_sq + male + UNEMP + C(statefip) + C(year),eligible_post,likely treatment/post,9,eligible | post | age_f | age_sq | male | UNEMP,C(statefip) | C(year),eligible | post,2,age | age quadratic | sex | state FE | unemployment rate | year FE,6,1
run_20260503T224915Z_b4b8a2,full_time ~ daca_eligible + dida + age + C(sex) + C(year) + C(statefip),daca_eligible,likely treatment/post,6,dida | age,C(sex) | C(year) | C(statefip),dida,1,age | sex FE | state FE | year FE,4,1
run_20260503T231301Z_46da93,full_time ~ daca_eligible + treat_post + C(year) + C(statefip) + age + sex + educ,daca_eligible,likely treatment/post,7,treat_post | age | sex | educ,C(year) | C(statefip),treat_post,1,age | education | sex | state FE | year FE,5,1
run_20260503T233003Z_66ddb7,full_time_emp ~ daca_eligible * post_daca + C(year) + C(statefip) + age + I(age**2),daca_eligible * post_daca,likely treatment/post,5,age | I(age**2),C(year) | C(statefip),,0,age | age quadratic | state FE | year FE,4,5
run_20260503T234919Z_f8f41f,full_time ~ treat * post + age + age_sq + C(year) + C(statefip) + C(sex),treat * post,likely treatment/post,6,age | age_sq,C(year) | C(statefip) | C(sex),,0,age | age quadratic | sex FE | state FE | year FE,5,12
run_20260504T000638Z_d8958e,empstat_ft ~ treat * post + C(statefip) + C(year),treat * post,likely treatment/post,3,,C(statefip) | C(year),,0,state FE | year FE,2,9
run_20260504T002309Z_830db6,full_time ~ treat * post + C(year) + C(statefip) + C(age) + sex + educ + state_unemp,treat * post,likely treatment/post,7,sex | educ | state_unemp,C(year) | C(statefip) | C(age),,0,age FE | education | sex | state FE | unemployment rate | year FE,6,1
run_20260504T004912Z_b2a9bc,full_time ~ daca_eligible * post + C(statefip) + C(year) + age,daca_eligible * post,likely treatment/post,4,age,C(statefip) | C(year),,0,age | state FE | year FE,3,2
run_20260504T010607Z_f02f41,full_time ~ did + daca_eligible + birthyr_c + C(sex) + C(educ) + C(statefip) + C(year),did,likely treatment/post,7,daca_eligible | birthyr_c,C(sex) | C(educ) | C(statefip) | C(year),daca_eligible,1,age | education FE | sex FE | state FE | year FE,5,1
run_20260504T012336Z_a6148c,fulltime ~ daca_eligible * post + C(year) + C(statefip),daca_eligible * post,likely treatment/post,3,,C(year) | C(statefip),,0,state FE | year FE,2,9
run_20260504T013902Z_3f357a,full_time ~ daca_eligible * post + C(year) + C(statefip) + age + age_sq,daca_eligible * post,likely treatment/post,5,age | age_sq,C(year) | C(statefip),,0,age | age quadratic | state FE | year FE,4,5
run_20260504T015424Z_a8baa6,full_time ~ daca_eligible + daca_eligible:post + age + I(age**2) + C(sex) + C(year) + C(statefip),daca_eligible,likely treatment/post,7,daca_eligible:post | age | I(age**2),C(sex) | C(year) | C(statefip),daca_eligible:post,1,age | age quadratic | sex FE | state FE | year FE,5,12
run_20260504T021437Z_fc4116,full_time ~ treatment * post + C(year) + C(statefip),treatment * post,likely treatment/post,3,,C(year) | C(statefip),,0,state FE | year FE,2,9
run_20260504T023517Z_c39e6f,employed_ft_dm ~ post_dm + treated_dm + post_treated_dm,post_dm,likely treatment/post,3,treated_dm | post_treated_dm,,treated_dm | post_treated_dm,2,,0,9
run_20260504T030127Z_eee035,full_time ~ treated + post + treated:post + C(sex) + educ + C(statefip),treated,likely treatment/post,6,post | treated:post | educ,C(sex) | C(statefip),post | treated:post,2,education | sex FE | state FE,3,1
run_20260504T031711Z_5f92d4,full_time ~ daca_eligible + daca_x_post + C(statefip) + C(year),daca_eligible,likely treatment/post,4,daca_x_post,C(statefip) | C(year),daca_x_post,1,state FE | year FE,2,9
run_20260504T202007Z_557131,full_time ~ eligible * post + C(year) + C(age) + C(statefip),eligible * post,likely treatment/post,4,,C(year) | C(age) | C(statefip),,0,age FE | state FE | year FE,3,7
run_20260504T204138Z_f9eb7f,fulltime_mean ~ eligible * post + running + I(running ** 2) + C(year) + C(sex) + C(statefip) + DRIVERSLICENSES + INSTATETUITION + STATEFINANCIALAID + HIGHEREDBAN + EVERIFY + LIMITEVERIFY + OMNIBUS + TASK287G + JAIL287G + SECURECOMMUNITIES + LFPR + UNEMP,eligible * post,likely treatment/post,18,running | I(running ** 2) | DRIVERSLICENSES | INSTATETUITION | STATEFINANCIALAID | HIGHEREDBAN | EVERIFY | LIMITEVERIFY | OMNIBUS | TASK287G | JAIL287G | SECURECOMMUNITIES | LFPR | UNEMP,C(year) | C(sex) | C(statefip),,0,driverslicenses | everify | higheredban | i(running**2) | instatetuition | jail287g | labor force participation rate | limiteverify | omnibus | running | securecommunities | sex FE | state FE | statefinancialaid | task287g | unemployment rate | year FE,17,1
run_20260504T210531Z_6cf9dc,full_time ~ treated * post + age + I(age ** 2) + C(sex) + C(year) + C(statefip),treated * post,likely treatment/post,6,age | I(age ** 2),C(sex) | C(year) | C(statefip),,0,age | age quadratic | sex FE | state FE | year FE,5,12
run_20260504T211315Z_9be391,full_time ~ daca_eligible + age + I(age ** 2) + C(sex) + C(year) + C(statefip) + DRIVERSLICENSES + INSTATETUITION + STATEFINANCIALAID + HIGHEREDBAN + EVERIFY + LIMITEVERIFY + OMNIBUS + TASK287G + JAIL287G + SECURECOMMUNITIES + LFPR + UNEMP,daca_eligible,likely treatment/post,18,age | I(age ** 2) | DRIVERSLICENSES | INSTATETUITION | STATEFINANCIALAID | HIGHEREDBAN | EVERIFY | LIMITEVERIFY | OMNIBUS | TASK287G | JAIL287G | SECURECOMMUNITIES | LFPR | UNEMP,C(sex) | C(year) | C(statefip),,0,age | age quadratic | driverslicenses | everify | higheredban | instatetuition | jail287g | labor force participation rate | limiteverify | omnibus | securecommunities | sex FE | state FE | statefinancialaid | task287g | unemployment rate | year FE,17,5
run_20260504T212839Z_df16ca,full_time ~ eligible + C(age) + C(year) + C(statefip) + UNEMP + LFPR + eligible:post,eligible,likely treatment/post,7,UNEMP | LFPR | eligible:post,C(age) | C(year) | C(statefip),eligible:post,1,age FE | labor force participation rate | state FE | unemployment rate | year FE,5,8
run_20260504T214441Z_b55111,full_time ~ eligible + eligible:post + C(year) + C(state_fip),eligible,likely treatment/post,4,eligible:post,C(year) | C(state_fip),eligible:post,1,state FE | year FE,2,9
run_20260504T215739Z_33afa3,"full_time ~ eligible * C(year, Treatment(reference=2011)) + age_2012 + I(age_2012 ** 2) + C(sex) + C(statefip) + lfpr + unemp","eligible * C(year, Treatment(reference=2011))",likely treatment/post,7,age_2012 | I(age_2012 ** 2) | lfpr | unemp,"eligible * C(year, Treatment(reference=2011)) | C(sex) | C(statefip)",,0,age | age quadratic | labor force participation rate | sex FE | state FE | unemployment rate,6,1
run_20260504T221415Z_2e0997,full_time ~ daca_eligible + eligible_post + C(year) + C(statefip) + age + age_sq + sex_female + DRIVERSLICENSES + INSTATETUITION + STATEFINANCIALAID + HIGHEREDBAN + EVERIFY + LIMITEVERIFY + OMNIBUS + TASK287G + JAIL287G + SECURECOMMUNITIES + LFPR + UNEMP,daca_eligible,likely treatment/post,19,eligible_post | age | age_sq | sex_female | DRIVERSLICENSES | INSTATETUITION | STATEFINANCIALAID | HIGHEREDBAN | EVERIFY | LIMITEVERIFY | OMNIBUS | TASK287G | JAIL287G | SECURECOMMUNITIES | LFPR | UNEMP,C(year) | C(statefip),eligible_post,1,age | age quadratic | driverslicenses | everify | higheredban | instatetuition | jail287g | labor force participation rate | limiteverify | omnibus | securecommunities | sex | state FE | statefinancialaid | task287g | unemployment rate | year FE,17,4
run_20260504T223610Z_a4c22d,full_time ~ eligible + eligible:post + age + I(age ** 2) + C(year) + C(statefip) + lfpr + unemp,eligible,likely treatment/post,8,eligible:post | age | I(age ** 2) | lfpr | unemp,C(year) | C(statefip),eligible:post,1,age | age quadratic | labor force participation rate | state FE | unemployment rate | year FE,6,1
run_20260504T225217Z_3c3024,full_time ~ eligible + eligible:post + C(age_2012) + C(sex) + C(year) + C(statefip) + lfpr + unemp,eligible,likely treatment/post,8,eligible:post | lfpr | unemp,C(age_2012) | C(sex) | C(year) | C(statefip),eligible:post,1,age FE | labor force participation rate | sex FE | state FE | unemployment rate | year FE,6,3
run_20260504T231845Z_a1ad89,full_time ~ daca_eligible * post + age + I(age ** 2) + year + I(year ** 2) + C(sex) + C(statefip) + unemp + lfpr,daca_eligible * post,likely treatment/post,9,age | I(age ** 2) | year | I(year ** 2) | unemp | lfpr,C(sex) | C(statefip),,0,age | age quadratic | labor force participation rate | linear year | sex FE | state FE | unemployment rate | year quadratic,8,3
run_20260504T233358Z_59dbca,full_time ~ daca_eligible * post + age + I(age ** 2) + year + I(year ** 2) + C(sex) + C(statefip) + unemp + lfpr,daca_eligible * post,likely treatment/post,9,age | I(age ** 2) | year | I(year ** 2) | unemp | lfpr,C(sex) | C(statefip),,0,age | age quadratic | labor force participation rate | linear year | sex FE | state FE | unemployment rate | year quadratic,8,3
run_20260504T235725Z_e0ac3b,full_time ~ daca_eligible * post + age + I(age ** 2) + year + I(year ** 2) + C(sex) + C(statefip) + UNEMP + LFPR,daca_eligible * post,likely treatment/post,9,age | I(age ** 2) | year | I(year ** 2) | UNEMP | LFPR,C(sex) | C(statefip),,0,age | age quadratic | labor force participation rate | linear year | sex FE | state FE | unemployment rate | year quadratic,8,3
run_20260505T001911Z_d86f39,full_time ~ daca_eligible + age + I(age ** 2) + sex_female + C(statefip) + C(year) + driverslicenses + instatetuition + statefinancialaid + higheredban + C(everify) + limiteverify + omnibus + C(jail287g) + lfpr + unemp,daca_eligible,likely treatment/post,16,age | I(age ** 2) | sex_female | driverslicenses | instatetuition | statefinancialaid | higheredban | limiteverify | omnibus | lfpr | unemp,C(statefip) | C(year) | C(everify) | C(jail287g),,0,age | age quadratic | c(everify) | c(jail287g) | driverslicenses | higheredban | instatetuition | labor force participation rate | limiteverify | omnibus | sex | state FE | statefinancialaid | unemployment rate | year FE,15,1
run_20260505T004136Z_e9a11c,full_time ~ eligible + C(year) + C(statefip),eligible,likely treatment/post,3,,C(year) | C(statefip),,0,state FE | year FE,2,9
run_20260505T005104Z_15ea95,full_time ~ eligible + C(year) + C(statefip),eligible,likely treatment/post,3,,C(year) | C(statefip),,0,state FE | year FE,2,9
run_20260505T010535Z_99d5b0,full_time ~ eligible + eligible:post + age + I(age ** 2) + C(sex) + C(year) + C(statefip) + driverslicenses + instatetuition + statefinancialaid + higheredban + everify + limiteverify + omnibus + task287g + jail287g + securecommunities + lfpr + unemp,eligible,likely treatment/post,19,eligible:post | age | I(age ** 2) | driverslicenses | instatetuition | statefinancialaid | higheredban | everify | limiteverify | omnibus | task287g | jail287g | securecommunities | lfpr | unemp,C(sex) | C(year) | C(statefip),eligible:post,1,age | age quadratic | driverslicenses | everify | higheredban | instatetuition | jail287g | labor force participation rate | limiteverify | omnibus | securecommunities | sex FE | state FE | statefinancialaid | task287g | unemployment rate | year FE,17,5
run_20260505T012647Z_1bbfd2,"full_time ~ eligible * C(year, Treatment(reference=2011)) + age + I(age ** 2) + C(statefip)","eligible * C(year, Treatment(reference=2011))",likely treatment/post,4,age | I(age ** 2),"eligible * C(year, Treatment(reference=2011)) | C(statefip)",,0,age | age quadratic | state FE,3,2
run_20260505T014553Z_87dc0a,full_time_rate ~ treated * post + C(age) + C(statefip) + C(year) + DRIVERSLICENSES + INSTATETUITION + STATEFINANCIALAID + HIGHEREDBAN + EVERIFY + LIMITEVERIFY + OMNIBUS + TASK287G + JAIL287G + SECURECOMMUNITIES + LFPR + UNEMP,treated * post,likely treatment/post,16,DRIVERSLICENSES | INSTATETUITION | STATEFINANCIALAID | HIGHEREDBAN | EVERIFY | LIMITEVERIFY | OMNIBUS | TASK287G | JAIL287G | SECURECOMMUNITIES | LFPR | UNEMP,C(age) | C(statefip) | C(year),,0,age FE | driverslicenses | everify | higheredban | instatetuition | jail287g | labor force participation rate | limiteverify | omnibus | securecommunities | state FE | statefinancialaid | task287g | unemployment rate | year FE,15,3
run_20260505T020415Z_766344,full_time ~ daca_eligible * post + age + I(age ** 2) + C(sex) + C(year) + C(statefip) + driverslicenses + instatetuition + statefinancialaid + higheredban + C(everify) + limiteverify + omnibus + C(task287g) + C(jail287g) + securecommunities + lfpr + unemp,daca_eligible * post,likely treatment/post,18,age | I(age ** 2) | driverslicenses | instatetuition | statefinancialaid | higheredban | limiteverify | omnibus | securecommunities | lfpr | unemp,C(sex) | C(year) | C(statefip) | C(everify) | C(task287g) | C(jail287g),,0,age | age quadratic | c(everify) | c(jail287g) | c(task287g) | driverslicenses | higheredban | instatetuition | labor force participation rate | limiteverify | omnibus | securecommunities | sex FE | state FE | statefinancialaid | unemployment rate | year FE,17,1
run_20260505T022409Z_ae97b4,full_time ~ daca_eligible:post_daca + C(year) + C(statefip) + age + I(age ** 2) + C(sex),daca_eligible:post_daca,likely treatment/post,6,age | I(age ** 2),C(year) | C(statefip) | C(sex),,0,age | age quadratic | sex FE | state FE | year FE,5,12
run_20260505T024641Z_6df1d2,full_time ~ eligible + eligible:post_daca + C(year) + C(statefip) + C(sex) + age + I(age ** 2) + DRIVERSLICENSES + INSTATETUITION + STATEFINANCIALAID + HIGHEREDBAN + EVERIFY + LIMITEVERIFY + OMNIBUS + TASK287G + JAIL287G + SECURECOMMUNITIES + LFPR + UNEMP,eligible,likely treatment/post,19,eligible:post_daca | age | I(age ** 2) | DRIVERSLICENSES | INSTATETUITION | STATEFINANCIALAID | HIGHEREDBAN | EVERIFY | LIMITEVERIFY | OMNIBUS | TASK287G | JAIL287G | SECURECOMMUNITIES | LFPR | UNEMP,C(year) | C(statefip) | C(sex),eligible:post_daca,1,age | age quadratic | driverslicenses | everify | higheredban | instatetuition | jail287g | labor force participation rate | limiteverify | omnibus | securecommunities | sex FE | state FE | statefinancialaid | task287g | unemployment rate | year FE,17,5
run_20260505T030308Z_aad389,full_time ~ eligible * post + birthyr_centered + I(birthyr_centered ** 2) + sex_female + C(year) + C(statefip),eligible * post,likely treatment/post,6,birthyr_centered | I(birthyr_centered ** 2) | sex_female,C(year) | C(statefip),,0,birthyr_centered | i(birthyr_centered**2) | sex | state FE | year FE,5,2
run_20260505T032749Z_1963d9,full_time ~ daca_eligible + C(year),daca_eligible,likely treatment/post,2,,C(year),,0,year FE,1,1
run_20260505T034225Z_5b3a39,full_time ~ daca_treated + C(age2012) + C(year) + C(statefip) + lfpr + unemp,daca_treated,likely treatment/post,6,lfpr | unemp,C(age2012) | C(year) | C(statefip),,0,age FE | labor force participation rate | state FE | unemployment rate | year FE,5,8
run_20260505T035237Z_3344ab,full_time ~ eligible * post + age + I(age ** 2) + C(sex) + C(year) + C(statefip),eligible * post,likely treatment/post,6,age | I(age ** 2),C(sex) | C(year) | C(statefip),,0,age | age quadratic | sex FE | state FE | year FE,5,12
run_20260505T040434Z_2b769b,full_time ~ daca_eligible + age + age_sq + sex_female + C(year) + C(statefip) + lfpr + unemp,daca_eligible,likely treatment/post,8,age | age_sq | sex_female | lfpr | unemp,C(year) | C(statefip),,0,age | age quadratic | labor force participation rate | sex | state FE | unemployment rate | year FE,7,6
run_20260505T042413Z_0ce4ac,full_time ~ eligible:post2012 + C(year) + C(birthyr) + C(statefip) + unemp + lfpr,eligible:post2012,likely treatment/post,6,unemp | lfpr,C(year) | C(birthyr) | C(statefip),,0,birth-year FE | labor force participation rate | state FE | unemployment rate | year FE,5,4
run_20260505T044203Z_85af0c,full_time ~ daca_eligible + age_at_arrival + age_at_arrival_sq + age + sex_female + C(year) + C(state_fips) + driverslicenses + everify + securecommunities + lfpr + unemp,daca_eligible,likely treatment/post,12,age_at_arrival | age_at_arrival_sq | age | sex_female | driverslicenses | everify | securecommunities | lfpr | unemp,C(year) | C(state_fips),,0,age | age_at_arrival | age_at_arrival_sq | driverslicenses | everify | labor force participation rate | securecommunities | sex | state FE | unemployment rate | year FE,11,1
run_20260505T045901Z_5d5e09,full_time ~ treated * post + C(year) + C(statefip) + age + I(age**2) + C(sex),treated * post,likely treatment/post,6,age | I(age**2),C(year) | C(statefip) | C(sex),,0,age | age quadratic | sex FE | state FE | year FE,5,12
run_20260505T051928Z_cf4a84,full_time ~ eligible + eligible_post + age + I(age ** 2) + C(sex) + C(year) + C(statefip) + lfpr + unemp + everify + limiteverify + omnibus + task287g + jail287g + securecommunities,eligible,likely treatment/post,15,eligible_post | age | I(age ** 2) | lfpr | unemp | everify | limiteverify | omnibus | task287g | jail287g | securecommunities,C(sex) | C(year) | C(statefip),eligible_post,1,age | age quadratic | everify | jail287g | labor force participation rate | limiteverify | omnibus | securecommunities | sex FE | state FE | task287g | unemployment rate | year FE,13,1
run_20260505T053452Z_ff2973,full_time ~ eligible:post + C(birthyr) + C(year) + C(statefip) + lfpr + unemp,eligible:post,likely treatment/post,6,lfpr | unemp,C(birthyr) | C(year) | C(statefip),,0,birth-year FE | labor force participation rate | state FE | unemployment rate | year FE,5,4
run_20260505T054848Z_f6aee7,full_time ~ daca_eligible + age + I(age ** 2) + sex_female + C(year) + C(statefip) + unemp + lfpr,daca_eligible,likely treatment/post,8,age | I(age ** 2) | sex_female | unemp | lfpr,C(year) | C(statefip),,0,age | age quadratic | labor force participation rate | sex | state FE | unemployment rate | year FE,7,6
run_20260505T060755Z_f5c7f3,full_time ~ daca_eligible * post_daca + age + I(age ** 2) + female + C(statefip) + C(year) + DRIVERSLICENSES + INSTATETUITION + STATEFINANCIALAID + HIGHEREDBAN + EVERIFY + LIMITEVERIFY + OMNIBUS + TASK287G + JAIL287G + SECURECOMMUNITIES + LFPR + UNEMP,daca_eligible * post_daca,likely treatment/post,18,age | I(age ** 2) | female | DRIVERSLICENSES | INSTATETUITION | STATEFINANCIALAID | HIGHEREDBAN | EVERIFY | LIMITEVERIFY | OMNIBUS | TASK287G | JAIL287G | SECURECOMMUNITIES | LFPR | UNEMP,C(statefip) | C(year),,0,age | age quadratic | driverslicenses | everify | higheredban | instatetuition | jail287g | labor force participation rate | limiteverify | omnibus | securecommunities | sex | state FE | statefinancialaid | task287g | unemployment rate | year FE,17,4
run_20260505T062414Z_673d2b,full_time ~ treatment + age + C(year) + C(statefip),treatment,likely treatment/post,4,age,C(year) | C(statefip),,0,age | state FE | year FE,3,2
run_20260505T063715Z_876964,full_time_employed ~ daca_eligible * post_daca + C(birthyr) + C(year) + C(statefip) + C(sex) + UNEMP + LFPR + DRIVERSLICENSES + INSTATETUITION + STATEFINANCIALAID + HIGHEREDBAN + EVERIFY + LIMITEVERIFY + OMNIBUS + TASK287G + JAIL287G + SECURECOMMUNITIES,daca_eligible * post_daca,likely treatment/post,17,UNEMP | LFPR | DRIVERSLICENSES | INSTATETUITION | STATEFINANCIALAID | HIGHEREDBAN | EVERIFY | LIMITEVERIFY | OMNIBUS | TASK287G | JAIL287G | SECURECOMMUNITIES,C(birthyr) | C(year) | C(statefip) | C(sex),,0,birth-year FE | driverslicenses | everify | higheredban | instatetuition | jail287g | labor force participation rate | limiteverify | omnibus | securecommunities | sex FE | state FE | statefinancialaid | task287g | unemployment rate | year FE,16,4
run_20260505T071106Z_b3286b,full_time ~ daca_eligible + C(year) + C(age) + C(statefip) + lfpr + unemp + driverslicenses + instatetuition + statefinancialaid + higheredban + C(everify) + limiteverify + omnibus + C(task287g) + C(jail287g) + securecommunities,daca_eligible,likely treatment/post,16,lfpr | unemp | driverslicenses | instatetuition | statefinancialaid | higheredban | limiteverify | omnibus | securecommunities,C(year) | C(age) | C(statefip) | C(everify) | C(task287g) | C(jail287g),,0,age FE | c(everify) | c(jail287g) | c(task287g) | driverslicenses | higheredban | instatetuition | labor force participation rate | limiteverify | omnibus | securecommunities | state FE | statefinancialaid | unemployment rate | year FE,15,1
run_20260505T072545Z_698e88,full_time ~ daca_eligible + daca_post + age + I(age ** 2) + sex_female + C(year) + C(statefip),daca_eligible,likely treatment/post,7,daca_post | age | I(age ** 2) | sex_female,C(year) | C(statefip),daca_post,1,age | age quadratic | sex | state FE | year FE,5,5
run_20260505T074154Z_e7cee0,full_time ~ eligible * post + C(statefip) + C(year) + lfpr + unemp,eligible * post,likely treatment/post,5,lfpr | unemp,C(statefip) | C(year),,0,labor force participation rate | state FE | unemployment rate | year FE,4,4
run_20260505T075442Z_dc5da4,full_time ~ eligible * post + C(age) + C(year) + C(statefip) + LFPR + UNEMP,eligible * post,likely treatment/post,6,LFPR | UNEMP,C(age) | C(year) | C(statefip),,0,age FE | labor force participation rate | state FE | unemployment rate | year FE,5,8
run_20260507T214725Z_6a6276,full_time ~ daca_eligible + birthyr_centered + unemp + lfpr + C(year) + C(statefip),daca_eligible,likely treatment/post,6,birthyr_centered | unemp | lfpr,C(year) | C(statefip),,0,birthyr_centered | labor force participation rate | state FE | unemployment rate | year FE,5,1
run_20260507T221824Z_82f7b7,full_time ~ daca_eligible + post:daca_eligible + age + I(age ** 2) + C(sex) + C(statefip) + C(year) + lfpr + unemp,daca_eligible,likely treatment/post,9,post:daca_eligible | age | I(age ** 2) | lfpr | unemp,C(sex) | C(statefip) | C(year),post:daca_eligible,1,age | age quadratic | labor force participation rate | sex FE | state FE | unemployment rate | year FE,7,7
run_20260507T223218Z_45102b,full_time ~ daca_eligible + post:daca_eligible + age + I(age ** 2) + C(sex) + C(statefip) + C(year) + lfpr + unemp,daca_eligible,likely treatment/post,9,post:daca_eligible | age | I(age ** 2) | lfpr | unemp,C(sex) | C(statefip) | C(year),post:daca_eligible,1,age | age quadratic | labor force participation rate | sex FE | state FE | unemployment rate | year FE,7,7
run_20260507T224809Z_88a814,full_time ~ eligible:post + C(birthyr) + C(year) + C(statefip) + UNEMP + LFPR,eligible:post,likely treatment/post,6,UNEMP | LFPR,C(birthyr) | C(year) | C(statefip),,0,birth-year FE | labor force participation rate | state FE | unemployment rate | year FE,5,4
run_20260507T230232Z_c7998b,full_time ~ eligible * post + age_2012_c + age_2012_c_sq + C(statefip) + C(year) + lfpr + unemp + driverslicenses + everify + securecommunities,eligible * post,likely treatment/post,10,age_2012_c | age_2012_c_sq | lfpr | unemp | driverslicenses | everify | securecommunities,C(statefip) | C(year),,0,age | age_2012_c_sq | driverslicenses | everify | labor force participation rate | securecommunities | state FE | unemployment rate | year FE,9,2
run_20260507T231631Z_e534c2,full_time ~ eligible * post + age_2012_c + age_2012_c_sq + C(statefip) + C(year) + lfpr + unemp + driverslicenses + everify + securecommunities,eligible * post,likely treatment/post,10,age_2012_c | age_2012_c_sq | lfpr | unemp | driverslicenses | everify | securecommunities,C(statefip) | C(year),,0,age | age_2012_c_sq | driverslicenses | everify | labor force participation rate | securecommunities | state FE | unemployment rate | year FE,9,2
run_20260507T233604Z_1d9c8f,full_time ~ eligible + eligible:post + C(statefip) + C(year) + lfpr + unemp,eligible,likely treatment/post,6,eligible:post | lfpr | unemp,C(statefip) | C(year),eligible:post,1,labor force participation rate | state FE | unemployment rate | year FE,4,4
run_20260508T001409Z_c0b67d,full_time ~ daca_eligible + age_2012 + I(age_2012 ** 2) + female + C(year) + C(statefip) + driverslicenses + instatetuition + statefinancialaid + higheredban + everify + limiteverify + omnibus + jail287g + unemp + lfpr,daca_eligible,likely treatment/post,16,age_2012 | I(age_2012 ** 2) | female | driverslicenses | instatetuition | statefinancialaid | higheredban | everify | limiteverify | omnibus | jail287g | unemp | lfpr,C(year) | C(statefip),,0,age | age quadratic | driverslicenses | everify | higheredban | instatetuition | jail287g | labor force participation rate | limiteverify | omnibus | sex | state FE | statefinancialaid | unemployment rate | year FE,15,2
run_20260508T004655Z_838d79,full_time ~ daca_eligible + daca_eligible_post + age_2012 + I(age_2012 ** 2) + female + C(year) + C(statefip) + driverslicenses + instatetuition + statefinancialaid + higheredban + everify + limiteverify + omnibus + jail287g + unemp + lfpr,daca_eligible,likely treatment/post,17,daca_eligible_post | age_2012 | I(age_2012 ** 2) | female | driverslicenses | instatetuition | statefinancialaid | higheredban | everify | limiteverify | omnibus | jail287g | unemp | lfpr,C(year) | C(statefip),daca_eligible_post,1,age | age quadratic | driverslicenses | everify | higheredban | instatetuition | jail287g | labor force participation rate | limiteverify | omnibus | sex | state FE | statefinancialaid | unemployment rate | year FE,15,2
run_20260508T010815Z_88a430,full_time ~ eligible * post_daca + C(age) + C(year) + C(statefip) + unemp + lfpr + driverslicenses + instatetuition + statefinancialaid + higheredban + everify + limiteverify + omnibus + task287g + jail287g + securecommunities,eligible * post_daca,likely treatment/post,16,unemp | lfpr | driverslicenses | instatetuition | statefinancialaid | higheredban | everify | limiteverify | omnibus | task287g | jail287g | securecommunities,C(age) | C(year) | C(statefip),,0,age FE | driverslicenses | everify | higheredban | instatetuition | jail287g | labor force participation rate | limiteverify | omnibus | securecommunities | state FE | statefinancialaid | task287g | unemployment rate | year FE,15,3
run_20260508T013014Z_e05644,perwt,,no parsed RHS term,0,,,,0,,0,9
run_20260508T014857Z_0fa75a,full_time ~ eligible + eligible:post + C(age) + C(statefip) + C(year) + lfpr + unemp,eligible,likely treatment/post,7,eligible:post | lfpr | unemp,C(age) | C(statefip) | C(year),eligible:post,1,age FE | labor force participation rate | state FE | unemployment rate | year FE,5,8
run_20260508T020806Z_699aeb,full_time ~ eligible * post + age + I(age ** 2) + C(statefip),eligible * post,likely treatment/post,4,age | I(age ** 2),C(statefip),,0,age | age quadratic | state FE,3,2
run_20260508T022836Z_279e1b,full_time ~ eligible * post + C(birthyr) + C(year) + C(statefip) + C(sex) + DRIVERSLICENSES + INSTATETUITION + STATEFINANCIALAID + HIGHEREDBAN + EVERIFY + LIMITEVERIFY + OMNIBUS + TASK287G + JAIL287G + SECURECOMMUNITIES + LFPR + UNEMP,eligible * post,likely treatment/post,17,DRIVERSLICENSES | INSTATETUITION | STATEFINANCIALAID | HIGHEREDBAN | EVERIFY | LIMITEVERIFY | OMNIBUS | TASK287G | JAIL287G | SECURECOMMUNITIES | LFPR | UNEMP,C(birthyr) | C(year) | C(statefip) | C(sex),,0,birth-year FE | driverslicenses | everify | higheredban | instatetuition | jail287g | labor force participation rate | limiteverify | omnibus | securecommunities | sex FE | state FE | statefinancialaid | task287g | unemployment rate | year FE,16,4
run_20260508T024829Z_1b2421,full_time ~ daca_eligible + C(year) + C(statefip) + age + I(age ** 2) + C(sex) + unemp + lfpr + driverslicenses + everify,daca_eligible,likely treatment/post,10,age | I(age ** 2) | unemp | lfpr | driverslicenses | everify,C(year) | C(statefip) | C(sex),,0,age | age quadratic | driverslicenses | everify | labor force participation rate | sex FE | state FE | unemployment rate | year FE,9,1
run_20260508T030855Z_0a46b1,full_time ~ daca_eligible * post + C(age) + C(sex) + C(year) + C(statefip) + unemp + lfpr,daca_eligible * post,likely treatment/post,7,unemp | lfpr,C(age) | C(sex) | C(year) | C(statefip),,0,age FE | labor force participation rate | sex FE | state FE | unemployment rate | year FE,6,3
run_20260508T033326Z_7ab9e3,perwt,,no parsed RHS term,0,,,,0,,0,9
run_20260508T035817Z_24de0a,full_time ~ daca_eligible + age + I(age ** 2) + sex_female + C(year) + C(statefip),daca_eligible,likely treatment/post,6,age | I(age ** 2) | sex_female,C(year) | C(statefip),,0,age | age quadratic | sex | state FE | year FE,5,5
run_20260512T142620Z_0b4fce,full_time ~ daca_eligible + daca_eligible_post + age + I(age ** 2) + C(sex) + C(year) + C(statefip) + lfpr + unemp,daca_eligible,likely treatment/post,9,daca_eligible_post | age | I(age ** 2) | lfpr | unemp,C(sex) | C(year) | C(statefip),daca_eligible_post,1,age | age quadratic | labor force participation rate | sex FE | state FE | unemployment rate | year FE,7,7
run_20260512T145300Z_e306c2,full_time ~ eligible + eligible:post + C(statefip) + C(year) + C(age) + lfpr + unemp,eligible,likely treatment/post,7,eligible:post | lfpr | unemp,C(statefip) | C(year) | C(age),eligible:post,1,age FE | labor force participation rate | state FE | unemployment rate | year FE,5,8
run_20260512T151432Z_30bccb,full_time ~ daca_eligible * post_daca + age + sex_female + C(year),daca_eligible * post_daca,likely treatment/post,4,age | sex_female,C(year),,0,age | sex | year FE,3,1
run_20260512T155855Z_862177,full_time ~ daca_eligible + age + I(age ** 2) + sex_female + C(year) + C(statefip),daca_eligible,likely treatment/post,6,age | I(age ** 2) | sex_female,C(year) | C(statefip),,0,age | age quadratic | sex | state FE | year FE,5,5
run_20260512T162748Z_d97f83,full_time ~ eligible + eligible:post + C(statefip) + C(year) + DRIVERSLICENSES + INSTATETUITION + STATEFINANCIALAID + HIGHEREDBAN + EVERIFY + LIMITEVERIFY + OMNIBUS + JAIL287G + LFPR + UNEMP,eligible,likely treatment/post,14,eligible:post | DRIVERSLICENSES | INSTATETUITION | STATEFINANCIALAID | HIGHEREDBAN | EVERIFY | LIMITEVERIFY | OMNIBUS | JAIL287G | LFPR | UNEMP,C(statefip) | C(year),eligible:post,1,driverslicenses | everify | higheredban | instatetuition | jail287g | labor force participation rate | limiteverify | omnibus | state FE | statefinancialaid | unemployment rate | year FE,12,1
run_20260512T165453Z_c32ba8,full_time ~ C(birthyr) + C(year) + C(statefip) + C(sex) + daca_post + DRIVERSLICENSES + INSTATETUITION + STATEFINANCIALAID + HIGHEREDBAN + EVERIFY + LIMITEVERIFY + OMNIBUS + TASK287G + JAIL287G + SECURECOMMUNITIES + LFPR + UNEMP,C(birthyr),likely normal control,17,daca_post | DRIVERSLICENSES | INSTATETUITION | STATEFINANCIALAID | HIGHEREDBAN | EVERIFY | LIMITEVERIFY | OMNIBUS | TASK287G | JAIL287G | SECURECOMMUNITIES | LFPR | UNEMP,C(birthyr) | C(year) | C(statefip) | C(sex),daca_post,1,birth-year FE | driverslicenses | everify | higheredban | instatetuition | jail287g | labor force participation rate | limiteverify | omnibus | securecommunities | sex FE | state FE | statefinancialaid | task287g | unemployment rate | year FE,16,4
run_20260512T171927Z_90560f,full_time ~ eligible_post + C(birthyr) + C(year) + C(statefip) + C(sex) + DRIVERSLICENSES + INSTATETUITION + STATEFINANCIALAID + HIGHEREDBAN + EVERIFY + LIMITEVERIFY + OMNIBUS + TASK287G + JAIL287G + SECURECOMMUNITIES + LFPR + UNEMP,eligible_post,likely treatment/post,17,DRIVERSLICENSES | INSTATETUITION | STATEFINANCIALAID | HIGHEREDBAN | EVERIFY | LIMITEVERIFY | OMNIBUS | TASK287G | JAIL287G | SECURECOMMUNITIES | LFPR | UNEMP,C(birthyr) | C(year) | C(statefip) | C(sex),,0,birth-year FE | driverslicenses | everify | higheredban | instatetuition | jail287g | labor force participation rate | limiteverify | omnibus | securecommunities | sex FE | state FE | statefinancialaid | task287g | unemployment rate | year FE,16,4
run_20260512T175427Z_9ce0bb,full_time ~ daca_eligible + daca_eligible:post_daca + age + I(age ** 2) + C(sex) + C(year) + C(statefip) + lfpr + unemp,daca_eligible,likely treatment/post,9,daca_eligible:post_daca | age | I(age ** 2) | lfpr | unemp,C(sex) | C(year) | C(statefip),daca_eligible:post_daca,1,age | age quadratic | labor force participation rate | sex FE | state FE | unemployment rate | year FE,7,7
run_20260512T181941Z_e6166c,full_time,,no parsed RHS term,0,,,,0,,0,9
run_20260512T184531Z_bba9ce,full_time ~ DACA_eligible + birthyr_centered + I(birthyr_centered ** 2) + C(year) + C(statefip) + UNEMP + LFPR + DRIVERSLICENSES + INSTATETUITION + STATEFINANCIALAID + HIGHEREDBAN + EVERIFY + LIMITEVERIFY + OMNIBUS + TASK287G + JAIL287G,DACA_eligible,likely treatment/post,16,birthyr_centered | I(birthyr_centered ** 2) | UNEMP | LFPR | DRIVERSLICENSES | INSTATETUITION | STATEFINANCIALAID | HIGHEREDBAN | EVERIFY | LIMITEVERIFY | OMNIBUS | TASK287G | JAIL287G,C(year) | C(statefip),,0,birthyr_centered | driverslicenses | everify | higheredban | i(birthyr_centered**2) | instatetuition | jail287g | labor force participation rate | limiteverify | omnibus | state FE | statefinancialaid | task287g | unemployment rate | year FE,15,2
run_20260512T192135Z_fa077c,fulltime ~ eligible_post + eligible + C(year) + C(birthyr) + C(statefip) + C(sex) + lfpr + unemp,eligible_post,likely treatment/post,8,eligible | lfpr | unemp,C(year) | C(birthyr) | C(statefip) | C(sex),eligible,1,birth-year FE | labor force participation rate | sex FE | state FE | unemployment rate | year FE,6,2
run_20260512T195649Z_6fe9f8,full_time ~ daca_eligible + eligible_post + age + I(age ** 2) + female + LFPR + UNEMP + C(statefip) + C(year),daca_eligible,likely treatment/post,9,eligible_post | age | I(age ** 2) | female | LFPR | UNEMP,C(statefip) | C(year),eligible_post,1,age | age quadratic | labor force participation rate | sex | state FE | unemployment rate | year FE,7,6
run_20260512T202814Z_f0f05b,full_time ~ daca_eligible + age + I(age ** 2) + female + C(year) + C(statefip) + driverslicenses + instatetuition + statefinancialaid + higheredban + everify + limiteverify + omnibus + task287g + jail287g + lfpr + unemp,daca_eligible,likely treatment/post,17,age | I(age ** 2) | female | driverslicenses | instatetuition | statefinancialaid | higheredban | everify | limiteverify | omnibus | task287g | jail287g | lfpr | unemp,C(year) | C(statefip),,0,age | age quadratic | driverslicenses | everify | higheredban | instatetuition | jail287g | labor force participation rate | limiteverify | omnibus | sex | state FE | statefinancialaid | task287g | unemployment rate | year FE,16,1
run_20260512T205543Z_e8f98c,full_time ~ daca_eligible + daca_eligible:post + age + I(age ** 2) + sex_female + C(statefip) + C(year) + DRIVERSLICENSES + INSTATETUITION + STATEFINANCIALAID + HIGHEREDBAN + EVERIFY + LIMITEVERIFY + OMNIBUS + TASK287G + JAIL287G + SECURECOMMUNITIES + LFPR + UNEMP,daca_eligible,likely treatment/post,19,daca_eligible:post | age | I(age ** 2) | sex_female | DRIVERSLICENSES | INSTATETUITION | STATEFINANCIALAID | HIGHEREDBAN | EVERIFY | LIMITEVERIFY | OMNIBUS | TASK287G | JAIL287G | SECURECOMMUNITIES | LFPR | UNEMP,C(statefip) | C(year),daca_eligible:post,1,age | age quadratic | driverslicenses | everify | higheredban | instatetuition | jail287g | labor force participation rate | limiteverify | omnibus | securecommunities | sex | state FE | statefinancialaid | task287g | unemployment rate | year FE,17,4
run_20260512T212806Z_be0886,full_time ~ daca_eligible + age + I(age ** 2) + C(sex) + C(statefip) + C(year) + DRIVERSLICENSES + INSTATETUITION + STATEFINANCIALAID + HIGHEREDBAN + EVERIFY + LIMITEVERIFY + OMNIBUS + TASK287G + JAIL287G + SECURECOMMUNITIES + LFPR + UNEMP,daca_eligible,likely treatment/post,18,age | I(age ** 2) | DRIVERSLICENSES | INSTATETUITION | STATEFINANCIALAID | HIGHEREDBAN | EVERIFY | LIMITEVERIFY | OMNIBUS | TASK287G | JAIL287G | SECURECOMMUNITIES | LFPR | UNEMP,C(sex) | C(statefip) | C(year),,0,age | age quadratic | driverslicenses | everify | higheredban | instatetuition | jail287g | labor force participation rate | limiteverify | omnibus | securecommunities | sex FE | state FE | statefinancialaid | task287g | unemployment rate | year FE,17,5
run_20260512T214623Z_bd588d,full_time ~ daca_eligible * post_daca + age + I(age ** 2) + C(sex) + C(year) + C(statefip) + lfpr + unemp,daca_eligible * post_daca,likely treatment/post,8,age | I(age ** 2) | lfpr | unemp,C(sex) | C(year) | C(statefip),,0,age | age quadratic | labor force participation rate | sex FE | state FE | unemployment rate | year FE,7,7
run_20260512T222400Z_15c9ce,,,no parsed RHS term,0,,,,0,,0,9
run_20260512T225304Z_2ce7aa,full_time ~ daca_eligible + age + I(age ** 2) + sex_female + C(year) + C(statefip) + unemp + lfpr,daca_eligible,likely treatment/post,8,age | I(age ** 2) | sex_female | unemp | lfpr,C(year) | C(statefip),,0,age | age quadratic | labor force participation rate | sex | state FE | unemployment rate | year FE,7,6
run_20260512T232311Z_df32a2,full_time ~ treated * post + C(year) + C(statefip) + age + I(age ** 2) + C(sex),treated * post,likely treatment/post,6,age | I(age ** 2),C(year) | C(statefip) | C(sex),,0,age | age quadratic | sex FE | state FE | year FE,5,12
run_20260515T121759Z_c3a686,"full_time ~ C(year, Treatment(reference=2011)) + daca_eligible + daca_eligible:C(year, Treatment(reference=2011)) + birthyr_c + I(birthyr_c ** 2) + sex_female + C(statefip) + DRIVERSLICENSES + INSTATETUITION + STATEFINANCIALAID + HIGHEREDBAN + EVERIFY + LIMITEVERIFY + OMNIBUS + TASK287G + JAIL287G + SECURECOMMUNITIES + UNEMP + LFPR","C(year, Treatment(reference=2011))",likely treatment/post,19,"daca_eligible | daca_eligible:C(year, Treatment(reference=2011)) | birthyr_c | I(birthyr_c ** 2) | sex_female | DRIVERSLICENSES | INSTATETUITION | STATEFINANCIALAID | HIGHEREDBAN | EVERIFY | LIMITEVERIFY | OMNIBUS | TASK287G | JAIL287G | SECURECOMMUNITIES | UNEMP | LFPR","C(year, Treatment(reference=2011)) | daca_eligible:C(year, Treatment(reference=2011)) | C(statefip)","daca_eligible | daca_eligible:C(year, Treatment(reference=2011))",2,age | driverslicenses | everify | higheredban | i(birthyr_c**2) | instatetuition | jail287g | labor force participation rate | limiteverify | omnibus | securecommunities | sex | state FE | statefinancialaid | task287g | unemployment rate,16,1
run_20260515T124457Z_a65aa6,full_time ~ daca_eligible * post2012 + C(year) + C(statefip) + age + I(age ** 2) + C(sex),daca_eligible * post2012,likely treatment/post,6,age | I(age ** 2),C(year) | C(statefip) | C(sex),,0,age | age quadratic | sex FE | state FE | year FE,5,12
run_20260515T130450Z_b47da2,full_time ~ eligible * post + C(age2012) + year + C(statefip),eligible * post,likely treatment/post,4,year,C(age2012) | C(statefip),,0,age FE | linear year | state FE,3,1
run_20260519T150013Z_86f425,fulltime ~ daca_eligible * post2012 + C(year) + C(statefip) + C(age_2012) + UNEMP + LFPR,daca_eligible * post2012,likely treatment/post,6,UNEMP | LFPR,C(year) | C(statefip) | C(age_2012),,0,age FE | labor force participation rate | state FE | unemployment rate | year FE,5,8
run_20260519T151749Z_b876e8,full_time ~ eligible + eligible_post + age + I(age ** 2) + C(year) + C(statefip) + UNEMP + LFPR + DRIVERSLICENSES + EVERIFY + INSTATETUITION + STATEFINANCIALAID + HIGHEREDBAN + LIMITEVERIFY + OMNIBUS + JAIL287G,eligible,likely treatment/post,16,eligible_post | age | I(age ** 2) | UNEMP | LFPR | DRIVERSLICENSES | EVERIFY | INSTATETUITION | STATEFINANCIALAID | HIGHEREDBAN | LIMITEVERIFY | OMNIBUS | JAIL287G,C(year) | C(statefip),eligible_post,1,age | age quadratic | driverslicenses | everify | higheredban | instatetuition | jail287g | labor force participation rate | limiteverify | omnibus | state FE | statefinancialaid | unemployment rate | year FE,14,1
run_20260519T154246Z_a123c7,full_time ~ eligible + eligible:post + C(year) + C(state_fip) + C(age) + C(sex) + LFPR + UNEMP,eligible,likely treatment/post,8,eligible:post | LFPR | UNEMP,C(year) | C(state_fip) | C(age) | C(sex),eligible:post,1,age FE | labor force participation rate | sex FE | state FE | unemployment rate | year FE,6,3
run_20260519T160813Z_93af19,full_time ~ eligible:post + C(birthyr) + C(year) + C(statefip),eligible:post,likely treatment/post,4,,C(birthyr) | C(year) | C(statefip),,0,birth-year FE | state FE | year FE,3,2
run_20260519T162733Z_a7186e,full_time ~ eligible + eligible:post + age + I(age ** 2) + C(year) + C(statefip) + C(sex) + LFPR + UNEMP,eligible,likely treatment/post,9,eligible:post | age | I(age ** 2) | LFPR | UNEMP,C(year) | C(statefip) | C(sex),eligible:post,1,age | age quadratic | labor force participation rate | sex FE | state FE | unemployment rate | year FE,7,7
run_20260519T164707Z_6990f2,full_time ~ daca_eligible * post + year_centered + age + I(age ** 2) + C(statefip),daca_eligible * post,likely treatment/post,5,year_centered | age | I(age ** 2),C(statefip),,0,age | age quadratic | state FE | year_centered,4,1
run_20260519T170900Z_57cd13,full_time ~ eligible:post + C(age_2012) + C(year) + C(statefip),eligible:post,likely treatment/post,4,,C(age_2012) | C(year) | C(statefip),,0,age FE | state FE | year FE,3,7
run_20260519T172426Z_1e8b9c,weight_sum,,no parsed RHS term,0,,,,0,,0,9
run_20260519T175154Z_3aea29,full_time ~ treated * post + age + I(age ** 2) + C(sex) + C(year) + C(statefip) + unemp + lfpr + driverslicenses + everify + limiteverify,treated * post,likely treatment/post,11,age | I(age ** 2) | unemp | lfpr | driverslicenses | everify | limiteverify,C(sex) | C(year) | C(statefip),,0,age | age quadratic | driverslicenses | everify | labor force participation rate | limiteverify | sex FE | state FE | unemployment rate | year FE,10,1
run_20260519T180754Z_3252b8,full_time ~ eligible * post + C(year) + C(statefip) + C(age) + UNEMP + LFPR,eligible * post,likely treatment/post,6,UNEMP | LFPR,C(year) | C(statefip) | C(age),,0,age FE | labor force participation rate | state FE | unemployment rate | year FE,5,8
run_20260519T182150Z_f4b103,full_time ~ daca_eligible * post + C(age) + female + UNEMP + LFPR + C(statefip) + C(year),daca_eligible * post,likely treatment/post,7,female | UNEMP | LFPR,C(age) | C(statefip) | C(year),,0,age FE | labor force participation rate | sex | state FE | unemployment rate | year FE,6,1
run_20260519T184410Z_8125e8,full_time ~ treated * post + C(year) + C(statefip) + C(birthyr) + LFPR + UNEMP + DRIVERSLICENSES + INSTATETUITION + STATEFINANCIALAID + HIGHEREDBAN + EVERIFY + LIMITEVERIFY + OMNIBUS + TASK287G + JAIL287G + SECURECOMMUNITIES,treated * post,likely treatment/post,16,LFPR | UNEMP | DRIVERSLICENSES | INSTATETUITION | STATEFINANCIALAID | HIGHEREDBAN | EVERIFY | LIMITEVERIFY | OMNIBUS | TASK287G | JAIL287G | SECURECOMMUNITIES,C(year) | C(statefip) | C(birthyr),,0,birth-year FE | driverslicenses | everify | higheredban | instatetuition | jail287g | labor force participation rate | limiteverify | omnibus | securecommunities | state FE | statefinancialaid | task287g | unemployment rate | year FE,15,2
run_20260519T185807Z_0abec6,full_time ~ eligible_post + C(birthyr) + C(year) + C(statefip) + UNEMP + LFPR + INSTATETUITION + STATEFINANCIALAID + HIGHEREDBAN + EVERIFY + LIMITEVERIFY + OMNIBUS + TASK287G + JAIL287G + SECURECOMMUNITIES,eligible_post,likely treatment/post,15,UNEMP | LFPR | INSTATETUITION | STATEFINANCIALAID | HIGHEREDBAN | EVERIFY | LIMITEVERIFY | OMNIBUS | TASK287G | JAIL287G | SECURECOMMUNITIES,C(birthyr) | C(year) | C(statefip),,0,birth-year FE | everify | higheredban | instatetuition | jail287g | labor force participation rate | limiteverify | omnibus | securecommunities | state FE | statefinancialaid | task287g | unemployment rate | year FE,14,1
run_20260519T192436Z_7deb2b,full_time,,no parsed RHS term,0,,,,0,,0,9
run_20260519T201356Z_1abf37,full_time ~ daca_eligible + daca_eligible:post_daca + age + age_sq + sex_female + C(year) + C(statefip),daca_eligible,likely treatment/post,7,daca_eligible:post_daca | age | age_sq | sex_female,C(year) | C(statefip),daca_eligible:post_daca,1,age | age quadratic | sex | state FE | year FE,5,5
run_20260519T204406Z_3e0e7f,full_time ~ eligible + eligible:post + birthyr_centered + I(birthyr_centered ** 2) + C(birthqtr) + C(year) + C(state_fips) + UNEMP + LFPR,eligible,likely treatment/post,9,eligible:post | birthyr_centered | I(birthyr_centered ** 2) | UNEMP | LFPR,C(birthqtr) | C(year) | C(state_fips),eligible:post,1,birthyr_centered | c(birthqtr) | i(birthyr_centered**2) | labor force participation rate | state FE | unemployment rate | year FE,7,1
run_20260519T210909Z_8557b5,full_time ~ eligible + eligible:post + C(year) + C(statefip) + C(age),eligible,likely treatment/post,5,eligible:post,C(year) | C(statefip) | C(age),eligible:post,1,age FE | state FE | year FE,3,7
run_20260519T212238Z_8b5b4b,full_time ~ post * treated + C(age_2012) + C(year) + C(statefip),post * treated,likely treatment/post,4,,C(age_2012) | C(year) | C(statefip),,0,age FE | state FE | year FE,3,7
run_20260519T214740Z_8d41c9,full_time ~ daca_eligible + daca_eligible:post_daca + C(year) + C(statefip) + C(age) + unemp + lfpr + driverslicenses + instatetuition + statefinancialaid + higheredban + everify + limiteverify + omnibus + task287g + jail287g + securecommunities,daca_eligible,likely treatment/post,17,daca_eligible:post_daca | unemp | lfpr | driverslicenses | instatetuition | statefinancialaid | higheredban | everify | limiteverify | omnibus | task287g | jail287g | securecommunities,C(year) | C(statefip) | C(age),daca_eligible:post_daca,1,age FE | driverslicenses | everify | higheredban | instatetuition | jail287g | labor force participation rate | limiteverify | omnibus | securecommunities | state FE | statefinancialaid | task287g | unemployment rate | year FE,15,3
run_20260519T221522Z_5b7b75,full_time ~ eligible_2012 + eligible_2012:post + C(year) + C(statefip) + C(age) + LFPR + UNEMP,eligible_2012,likely treatment/post,7,eligible_2012:post | LFPR | UNEMP,C(year) | C(statefip) | C(age),eligible_2012:post,1,age FE | labor force participation rate | state FE | unemployment rate | year FE,5,8
run_20260519T223446Z_053781,full_time ~ eligible * post2013 + C(statefip) + C(year) + C(birthyr) + LFPR + UNEMP,eligible * post2013,likely treatment/post,6,LFPR | UNEMP,C(statefip) | C(year) | C(birthyr),,0,birth-year FE | labor force participation rate | state FE | unemployment rate | year FE,5,4
run_20260519T225414Z_73a49b,full_time ~ DACA_eligible + birthyr_centered + I(birthyr_centered ** 2) + C(year) + C(statefip) + UNEMP + LFPR + DRIVERSLICENSES + INSTATETUITION + STATEFINANCIALAID + HIGHEREDBAN + EVERIFY + LIMITEVERIFY + OMNIBUS + TASK287G + JAIL287G,DACA_eligible,likely treatment/post,16,birthyr_centered | I(birthyr_centered ** 2) | UNEMP | LFPR | DRIVERSLICENSES | INSTATETUITION | STATEFINANCIALAID | HIGHEREDBAN | EVERIFY | LIMITEVERIFY | OMNIBUS | TASK287G | JAIL287G,C(year) | C(statefip),,0,birthyr_centered | driverslicenses | everify | higheredban | i(birthyr_centered**2) | instatetuition | jail287g | labor force participation rate | limiteverify | omnibus | state FE | statefinancialaid | task287g | unemployment rate | year FE,15,2
run_20260519T231313Z_3f87bc,full_time ~ treated:post + C(year) + C(statefip) + C(age2012),treated:post,likely treatment/post,4,,C(year) | C(statefip) | C(age2012),,0,age FE | state FE | year FE,3,7
run_20260519T233144Z_36c7ee,full_time ~ eligible + eligible:post2012 + age + I(age ** 2) + C(sex) + C(year) + C(statefip) + lfpr + unemp + everify + task287g + jail287g,eligible,likely treatment/post,12,eligible:post2012 | age | I(age ** 2) | lfpr | unemp | everify | task287g | jail287g,C(sex) | C(year) | C(statefip),eligible:post2012,1,age | age quadratic | everify | jail287g | labor force participation rate | sex FE | state FE | task287g | unemployment rate | year FE,10,1
run_20260519T235430Z_46f451,full_time ~ daca_eligible + birthyr_centered + I(birthyr_centered ** 2) + sex_female + C(year) + C(statefip),daca_eligible,likely treatment/post,6,birthyr_centered | I(birthyr_centered ** 2) | sex_female,C(year) | C(statefip),,0,birthyr_centered | i(birthyr_centered**2) | sex | state FE | year FE,5,2
run_20260520T001352Z_9d41a4,full_time ~ daca_eligible * post_daca + C(year) + C(statefip) + age + I(age ** 2) + sex_female + driverslicenses + instatetuition + statefinancialaid + higheredban + everify + limiteverify + omnibus + task287g + jail287g + securecommunities + lfpr + unemp,daca_eligible * post_daca,likely treatment/post,18,age | I(age ** 2) | sex_female | driverslicenses | instatetuition | statefinancialaid | higheredban | everify | limiteverify | omnibus | task287g | jail287g | securecommunities | lfpr | unemp,C(year) | C(statefip),,0,age | age quadratic | driverslicenses | everify | higheredban | instatetuition | jail287g | labor force participation rate | limiteverify | omnibus | securecommunities | sex | state FE | statefinancialaid | task287g | unemployment rate | year FE,17,4
run_20260520T005101Z_bdfbd4,full_time ~ eligible * post + C(year) + C(statefip) + birthyr_c + I(birthyr_c ** 2) + C(sex) + DRIVERSLICENSES + EVERIFY + LIMITEVERIFY + OMNIBUS + TASK287G + JAIL287G + SECURECOMMUNITIES + UNEMP + LFPR,eligible * post,likely treatment/post,15,birthyr_c | I(birthyr_c ** 2) | DRIVERSLICENSES | EVERIFY | LIMITEVERIFY | OMNIBUS | TASK287G | JAIL287G | SECURECOMMUNITIES | UNEMP | LFPR,C(year) | C(statefip) | C(sex),,0,age | driverslicenses | everify | i(birthyr_c**2) | jail287g | labor force participation rate | limiteverify | omnibus | securecommunities | sex FE | state FE | task287g | unemployment rate | year FE,14,1
run_20260520T011940Z_319183,full_time ~ daca_eligible + daca_eligible:post + age + I(age ** 2) + C(year) + C(statefip) + C(sex) + LFPR + UNEMP,daca_eligible,likely treatment/post,9,daca_eligible:post | age | I(age ** 2) | LFPR | UNEMP,C(year) | C(statefip) | C(sex),daca_eligible:post,1,age | age quadratic | labor force participation rate | sex FE | state FE | unemployment rate | year FE,7,7
run_20260520T014159Z_4ccec8,full_time ~ eligible + C(year) + C(statefip) + age + I(age ** 2),eligible,likely treatment/post,5,age | I(age ** 2),C(year) | C(statefip),,0,age | age quadratic | state FE | year FE,4,5
run_20260520T020525Z_1bf7f6,full_time ~ eligible * post + C(year) + C(statefip),eligible * post,likely treatment/post,3,,C(year) | C(statefip),,0,state FE | year FE,2,9
run_20260520T022101Z_d4f548,full_time ~ eligible + eligible_post + C(year) + C(statefip) + C(sex) + age + I(age ** 2) + DRIVERSLICENSES + INSTATETUITION + STATEFINANCIALAID + HIGHEREDBAN + EVERIFY + LIMITEVERIFY + OMNIBUS + TASK287G + JAIL287G + SECURECOMMUNITIES + LFPR + UNEMP,eligible,likely treatment/post,19,eligible_post | age | I(age ** 2) | DRIVERSLICENSES | INSTATETUITION | STATEFINANCIALAID | HIGHEREDBAN | EVERIFY | LIMITEVERIFY | OMNIBUS | TASK287G | JAIL287G | SECURECOMMUNITIES | LFPR | UNEMP,C(year) | C(statefip) | C(sex),eligible_post,1,age | age quadratic | driverslicenses | everify | higheredban | instatetuition | jail287g | labor force participation rate | limiteverify | omnibus | securecommunities | sex FE | state FE | statefinancialaid | task287g | unemployment rate | year FE,17,5
run_20260520T023839Z_4659f9,full_time ~ daca_eligible + daca_eligible:post_daca + age + I(age ** 2) + female + UNEMP + LFPR + C(state_fips) + C(year),daca_eligible,likely treatment/post,9,daca_eligible:post_daca | age | I(age ** 2) | female | UNEMP | LFPR,C(state_fips) | C(year),daca_eligible:post_daca,1,age | age quadratic | labor force participation rate | sex | state FE | unemployment rate | year FE,7,6
run_20260520T025957Z_3556de,full_time,,no parsed RHS term,0,,,,0,,0,9
run_20260520T032125Z_3d5810,full_time ~ eligible + treatment + age + age_sq + C(year) + C(statefip) + UNEMP + LFPR + DRIVERSLICENSES + INSTATETUITION + STATEFINANCIALAID + HIGHEREDBAN + EVERIFY + LIMITEVERIFY + OMNIBUS + TASK287G + JAIL287G + SECURECOMMUNITIES,eligible,likely treatment/post,18,treatment | age | age_sq | UNEMP | LFPR | DRIVERSLICENSES | INSTATETUITION | STATEFINANCIALAID | HIGHEREDBAN | EVERIFY | LIMITEVERIFY | OMNIBUS | TASK287G | JAIL287G | SECURECOMMUNITIES,C(year) | C(statefip),treatment,1,age | age quadratic | driverslicenses | everify | higheredban | instatetuition | jail287g | labor force participation rate | limiteverify | omnibus | securecommunities | state FE | statefinancialaid | task287g | unemployment rate | year FE,16,1
run_20260520T034137Z_333f43,full_time ~ eligible + eligible:post + C(age) + C(year) + C(statefip),eligible,likely treatment/post,5,eligible:post,C(age) | C(year) | C(statefip),eligible:post,1,age FE | state FE | year FE,3,7
run_20260520T035611Z_34acdb,full_time ~ treated:post + C(birthyr) + C(year) + C(statefip) + DRIVERSLICENSES + INSTATETUITION + STATEFINANCIALAID + HIGHEREDBAN + EVERIFY + LIMITEVERIFY + OMNIBUS + TASK287G + JAIL287G + SECURECOMMUNITIES + LFPR + UNEMP,treated:post,likely treatment/post,16,DRIVERSLICENSES | INSTATETUITION | STATEFINANCIALAID | HIGHEREDBAN | EVERIFY | LIMITEVERIFY | OMNIBUS | TASK287G | JAIL287G | SECURECOMMUNITIES | LFPR | UNEMP,C(birthyr) | C(year) | C(statefip),,0,birth-year FE | driverslicenses | everify | higheredban | instatetuition | jail287g | labor force participation rate | limiteverify | omnibus | securecommunities | state FE | statefinancialaid | task287g | unemployment rate | year FE,15,2
run_20260520T041607Z_3cb794,full_time ~ eligible + treat_post + C(age) + C(year) + C(statefip),eligible,likely treatment/post,5,treat_post,C(age) | C(year) | C(statefip),treat_post,1,age FE | state FE | year FE,3,7
run_20260520T043428Z_dd824c,fulltime ~ eligible + eligible_post + C(year) + C(statefip) + unemp + lfpr,eligible,likely treatment/post,6,eligible_post | unemp | lfpr,C(year) | C(statefip),eligible_post,1,labor force participation rate | state FE | unemployment rate | year FE,4,4
run_20260520T045009Z_0c0baf,full_time ~ eligible + eligible:post + C(statefip) + C(year) + LFPR + UNEMP,eligible,likely treatment/post,6,eligible:post | LFPR | UNEMP,C(statefip) | C(year),eligible:post,1,labor force participation rate | state FE | unemployment rate | year FE,4,4
run_20260520T051030Z_7f63f6,full_time ~ eligible:post + C(year) + C(statefip) + C(birthyr) + UNEMP,eligible:post,likely treatment/post,5,UNEMP,C(year) | C(statefip) | C(birthyr),,0,birth-year FE | state FE | unemployment rate | year FE,4,1
run_20260520T130755Z_aac209,full_time ~ eligible * post + age_2012_c + I(age_2012_c ** 2) + C(sex) + C(state_fip) + C(year) + LFPR + UNEMP,eligible * post,likely treatment/post,8,age_2012_c | I(age_2012_c ** 2) | LFPR | UNEMP,C(sex) | C(state_fip) | C(year),,0,age | i(age_2012_c**2) | labor force participation rate | sex FE | state FE | unemployment rate | year FE,7,1
run_20260520T133844Z_fdabef,full_time ~ eligible + eligible:post + C(year) + C(statefip) + age + I(age ** 2),eligible,likely treatment/post,6,eligible:post | age | I(age ** 2),C(year) | C(statefip),eligible:post,1,age | age quadratic | state FE | year FE,4,5
run_20260520T135630Z_9779bb,full_time,,no parsed RHS term,0,,,,0,,0,9
run_20260520T143100Z_c168ab,full_time ~ daca_eligible + daca_post + birthyr + I(birthyr ** 2) + age_at_arrival + I(age_at_arrival ** 2) + C(year) + C(statefip) + driverslicenses + instatetuition + statefinancialaid + higheredban + everify + limiteverify + omnibus + task287g + jail287g + securecommunities + lfpr + unemp,daca_eligible,likely treatment/post,20,daca_post | birthyr | I(birthyr ** 2) | age_at_arrival | I(age_at_arrival ** 2) | driverslicenses | instatetuition | statefinancialaid | higheredban | everify | limiteverify | omnibus | task287g | jail287g | securecommunities | lfpr | unemp,C(year) | C(statefip),daca_post,1,age | age_at_arrival | driverslicenses | everify | higheredban | i(age_at_arrival**2) | i(birthyr**2) | instatetuition | jail287g | labor force participation rate | limiteverify | omnibus | securecommunities | state FE | statefinancialaid | task287g | unemployment rate | year FE,18,1
run_20260520T145631Z_eeb032,full_time ~ eligible * post + C(birthyr) + C(statefip),eligible * post,likely treatment/post,3,,C(birthyr) | C(statefip),,0,birth-year FE | state FE,2,1
run_20260520T151946Z_0f202a,full_time ~ daca_eligible + treated_post + age + I(age ** 2) + sex_female + C(year) + C(statefip),daca_eligible,likely treatment/post,7,treated_post | age | I(age ** 2) | sex_female,C(year) | C(statefip),treated_post,1,age | age quadratic | sex | state FE | year FE,5,5
run_20260520T154318Z_658fe0,full_time ~ did + eligible + C(year) + C(statefip) + age + I(age ** 2) + C(sex) + DRIVERSLICENSES + INSTATETUITION + STATEFINANCIALAID + HIGHEREDBAN + EVERIFY + LIMITEVERIFY + OMNIBUS + TASK287G + JAIL287G + LFPR + UNEMP,did,likely treatment/post,18,eligible | age | I(age ** 2) | DRIVERSLICENSES | INSTATETUITION | STATEFINANCIALAID | HIGHEREDBAN | EVERIFY | LIMITEVERIFY | OMNIBUS | TASK287G | JAIL287G | LFPR | UNEMP,C(year) | C(statefip) | C(sex),eligible,1,age | age quadratic | driverslicenses | everify | higheredban | instatetuition | jail287g | labor force participation rate | limiteverify | omnibus | sex FE | state FE | statefinancialaid | task287g | unemployment rate | year FE,16,1
run_20260520T161023Z_4bf2c2,full_time ~ eligible_post + C(year) + C(birthyr) + C(statefip) + C(sex) + LFPR + UNEMP,eligible_post,likely treatment/post,7,LFPR | UNEMP,C(year) | C(birthyr) | C(statefip) | C(sex),,0,birth-year FE | labor force participation rate | sex FE | state FE | unemployment rate | year FE,6,2
run_20260520T163231Z_0d4398,full_time ~ eligible + eligible:post + age + I(age ** 2) + C(year) + C(statefip),eligible,likely treatment/post,6,eligible:post | age | I(age ** 2),C(year) | C(statefip),eligible:post,1,age | age quadratic | state FE | year FE,4,5
run_20260520T171442Z_80e641,fulltime ~ eligible * post + C(year) + C(statefip) + age + I(age ** 2) + I(age ** 3) + C(sex) + DRIVERSLICENSES + INSTATETUITION + STATEFINANCIALAID + HIGHEREDBAN + EVERIFY + LIMITEVERIFY + OMNIBUS + TASK287G + JAIL287G + SECURECOMMUNITIES + UNEMP + LFPR,eligible * post,likely treatment/post,19,age | I(age ** 2) | I(age ** 3) | DRIVERSLICENSES | INSTATETUITION | STATEFINANCIALAID | HIGHEREDBAN | EVERIFY | LIMITEVERIFY | OMNIBUS | TASK287G | JAIL287G | SECURECOMMUNITIES | UNEMP | LFPR,C(year) | C(statefip) | C(sex),,0,age | age quadratic | driverslicenses | everify | higheredban | i(age**3) | instatetuition | jail287g | labor force participation rate | limiteverify | omnibus | securecommunities | sex FE | state FE | statefinancialaid | task287g | unemployment rate | year FE,18,1
run_20260520T180655Z_e66acd,full_time ~ eligible * post + year_c + C(age) + C(statefip) + UNEMP + LFPR + DRIVERSLICENSES + INSTATETUITION + STATEFINANCIALAID + HIGHEREDBAN + EVERIFY + LIMITEVERIFY + OMNIBUS + TASK287G + JAIL287G + SECURECOMMUNITIES,eligible * post,likely treatment/post,16,year_c | UNEMP | LFPR | DRIVERSLICENSES | INSTATETUITION | STATEFINANCIALAID | HIGHEREDBAN | EVERIFY | LIMITEVERIFY | OMNIBUS | TASK287G | JAIL287G | SECURECOMMUNITIES,C(age) | C(statefip),,0,age FE | driverslicenses | everify | higheredban | instatetuition | jail287g | labor force participation rate | limiteverify | omnibus | securecommunities | state FE | statefinancialaid | task287g | unemployment rate | year_c,15,1
run_20260520T183141Z_1e0c4e,full_time ~ did + daca_eligible + C(year) + C(sex) + age + I(age ** 2) + unemp + lfpr,did,likely treatment/post,8,daca_eligible | age | I(age ** 2) | unemp | lfpr,C(year) | C(sex),daca_eligible,1,age | age quadratic | labor force participation rate | sex FE | unemployment rate | year FE,6,1
run_20260520T190842Z_6fec13,full_time ~ daca_eligible + age + I(age ** 2) + sex_female + C(year) + C(statefip) + UNEMP + LFPR,daca_eligible,likely treatment/post,8,age | I(age ** 2) | sex_female | UNEMP | LFPR,C(year) | C(statefip),,0,age | age quadratic | labor force participation rate | sex | state FE | unemployment rate | year FE,7,6
run_20260520T192847Z_aa9dbc,full_time ~ eligible + C(year) + C(statefip) + age + I(age ** 2) + C(sex),eligible,likely treatment/post,6,age | I(age ** 2),C(year) | C(statefip) | C(sex),,0,age | age quadratic | sex FE | state FE | year FE,5,12
run_20260520T194303Z_b88322,full_time ~ eligible + eligible:post + C(year) + C(statefip) + C(birthyr),eligible,likely treatment/post,5,eligible:post,C(year) | C(statefip) | C(birthyr),eligible:post,1,birth-year FE | state FE | year FE,3,2
run_20260520T200444Z_dbf7ca,fulltime ~ eligible + eligible:post + C(year) + C(statefip),eligible,likely treatment/post,4,eligible:post,C(year) | C(statefip),eligible:post,1,state FE | year FE,2,9
